-- MySQL dump 10.11
--
-- Host: localhost    Database: okulo
-- ------------------------------------------------------
-- Server version	5.0.51a-24+lenny5

/*!40101 SET @OLD_CHARACTER_SET_CLIENT=@@CHARACTER_SET_CLIENT */;
/*!40101 SET @OLD_CHARACTER_SET_RESULTS=@@CHARACTER_SET_RESULTS */;
/*!40101 SET @OLD_COLLATION_CONNECTION=@@COLLATION_CONNECTION */;
/*!40101 SET NAMES utf8 */;
/*!40103 SET @OLD_TIME_ZONE=@@TIME_ZONE */;
/*!40103 SET TIME_ZONE='+00:00' */;
/*!40014 SET @OLD_UNIQUE_CHECKS=@@UNIQUE_CHECKS, UNIQUE_CHECKS=0 */;
/*!40014 SET @OLD_FOREIGN_KEY_CHECKS=@@FOREIGN_KEY_CHECKS, FOREIGN_KEY_CHECKS=0 */;
/*!40101 SET @OLD_SQL_MODE=@@SQL_MODE, SQL_MODE='NO_AUTO_VALUE_ON_ZERO' */;
/*!40111 SET @OLD_SQL_NOTES=@@SQL_NOTES, SQL_NOTES=0 */;

--
-- Table structure for table `casos`
--

DROP TABLE IF EXISTS `casos`;
SET @saved_cs_client     = @@character_set_client;
SET character_set_client = utf8;
CREATE TABLE `casos` (
  `id` int(11) NOT NULL,
  `pesquiza_id` bigint(20) NOT NULL,
  `apellido` varchar(45) collate utf8_bin NOT NULL,
  `nombre` varchar(45) collate utf8_bin NOT NULL,
  `numdoc` bigint(20) default NULL,
  `fecnac` date default NULL,
  `cartadiag` tinyint(4) default '0',
  `confirmo` tinyint(4) default NULL,
  `asistio` tinyint(4) default NULL,
  `horaini` datetime default NULL,
  `horafin` datetime default NULL,
  `lentes` tinyint(4) default NULL,
  `estado` int(11) NOT NULL COMMENT '0 - pendiente | 1 - Proceso | 2 - terminado',
  `cartalente` tinyint(4) NOT NULL,
  `lentes_entregado` tinyint(3) unsigned NOT NULL,
  `programa_id` bigint(20) unsigned NOT NULL,
  PRIMARY KEY  (`id`),
  KEY `apellido` (`apellido`,`nombre`,`numdoc`,`fecnac`),
  KEY `cartalente` (`cartalente`),
  KEY `pesquiza_id` (`pesquiza_id`)
) ENGINE=InnoDB DEFAULT CHARSET=utf8 COLLATE=utf8_bin COMMENT='caso concreto de chico en la jornada';
SET character_set_client = @saved_cs_client;

--
-- Dumping data for table `casos`
--

LOCK TABLES `casos` WRITE;
/*!40000 ALTER TABLE `casos` DISABLE KEYS */;
INSERT INTO `casos` VALUES (1,24,'NUÑEZ','ELÍAS JULIÁN',45167007,'0000-00-00',1,1,1,'0000-00-00 00:00:00','0000-00-00 00:00:00',0,0,0,0,1),(2,24,'SARBIOLI','LUCAS JEREMÍAS',45167066,'0000-00-00',1,1,0,'0000-00-00 00:00:00','0000-00-00 00:00:00',0,0,0,0,1),(3,24,'ALVAREZ','ROCIO MARÍA AILÉN',45756663,'0000-00-00',1,1,1,'0000-00-00 00:00:00','2013-12-05 00:00:00',0,2,0,0,1),(4,24,'AMENGUAL','IARA AIXA TAIS',45758647,'0000-00-00',1,1,1,'0000-00-00 00:00:00','2013-07-04 00:00:00',0,2,0,0,1),(5,24,'FERNANDEZ','FIORELLA CANDELARIA',45389154,'0000-00-00',1,1,1,'0000-00-00 00:00:00','0000-00-00 00:00:00',1,6,0,1,1),(6,24,'HEIS','FÁTIMA VIVIANA',45389171,'0000-00-00',1,1,0,'0000-00-00 00:00:00','0000-00-00 00:00:00',0,0,0,0,1),(7,24,'HERRERRA','LISET JENNIFER',45756615,'0000-00-00',1,1,1,'0000-00-00 00:00:00','2013-09-13 00:00:00',0,2,0,0,1),(8,24,'LUNA','MELANIE AILÉN',44875866,'0000-00-00',1,1,1,'0000-00-00 00:00:00','0000-00-00 00:00:00',0,2,0,0,1),(9,24,'MENDEZ','LOURDES MORENA',44875855,'0000-00-00',1,1,1,'0000-00-00 00:00:00','0000-00-00 00:00:00',0,2,0,0,1),(10,24,'QUINTANA','ZAIRA MAGALÍ',45167094,'0000-00-00',1,1,1,'0000-00-00 00:00:00','0000-00-00 00:00:00',0,2,0,0,1),(11,24,'SUASNABAR','MAITE',45386301,'0000-00-00',1,1,1,'0000-00-00 00:00:00','0000-00-00 00:00:00',1,1,0,0,1),(12,24,'TISOCCO','MARÍA LUZ',45167099,'0000-00-00',1,1,1,'0000-00-00 00:00:00','0000-00-00 00:00:00',0,2,0,0,1),(13,26,'HERRERRO','LUISINA ABRIL',45732638,'0000-00-00',1,0,0,'0000-00-00 00:00:00','0000-00-00 00:00:00',0,0,0,0,1),(14,25,'ABASTO','LUCAS ANDRÉS',44734707,'0000-00-00',1,1,1,'0000-00-00 00:00:00','2013-12-15 00:00:00',1,6,0,1,1),(15,25,'FONTÁN','HUGO MARIANO',44875867,'0000-00-00',1,1,1,'0000-00-00 00:00:00','0000-00-00 00:00:00',0,2,0,0,1),(16,25,'BELINGHERI','AYELÉN BELÉN',44104489,'0000-00-00',1,1,1,'0000-00-00 00:00:00','0000-00-00 00:00:00',0,2,0,0,1),(17,25,'SERI','LORENA MICAELA',44875812,'0000-00-00',1,0,0,'0000-00-00 00:00:00','0000-00-00 00:00:00',0,0,0,0,1),(18,28,'BARGAS','RAFAEL ENRIQUE',43539521,'0000-00-00',1,1,1,'0000-00-00 00:00:00','0000-00-00 00:00:00',0,2,0,0,1),(19,28,'TAMAÑO','ROCÍO BELÉN',42165099,'0000-00-00',1,1,0,'0000-00-00 00:00:00','0000-00-00 00:00:00',0,0,0,0,1),(20,28,'ZERI','ANTONELLA MABEL',43482701,'0000-00-00',1,0,0,'0000-00-00 00:00:00','0000-00-00 00:00:00',0,0,0,0,1),(21,31,'NIZ','ERIC RICARDO',45047892,'0000-00-00',1,1,0,'0000-00-00 00:00:00','0000-00-00 00:00:00',0,0,0,0,1),(22,31,'GIRARD','DAMIÁN TOMÁS',0,'0000-00-00',1,1,1,'0000-00-00 00:00:00','0000-00-00 00:00:00',0,2,0,0,1),(23,32,'VARGAS','EMILLE',0,'0000-00-00',1,1,0,'0000-00-00 00:00:00','0000-00-00 00:00:00',0,0,0,0,1),(24,36,'HERNÁNDEZ','ROCÍO',0,'0000-00-00',1,1,1,'0000-00-00 00:00:00','0000-00-00 00:00:00',0,2,0,0,1),(25,37,'ROBLES','PRISCILA',0,'0000-00-00',1,0,0,'0000-00-00 00:00:00','0000-00-00 00:00:00',0,0,0,0,1),(26,37,'ROMERO ','DANIEL',0,'0000-00-00',1,0,0,'0000-00-00 00:00:00','0000-00-00 00:00:00',0,0,0,0,1),(27,37,'BORGES','ERICA',0,'0000-00-00',1,0,0,'0000-00-00 00:00:00','0000-00-00 00:00:00',0,0,0,0,1),(28,38,'GONZÁLEZ','AGUSTÍN',44653850,'0000-00-00',1,1,1,'0000-00-00 00:00:00','0000-00-00 00:00:00',1,6,0,1,1),(29,38,'MORÍNICO','AGUSTÍN GABRIEL',45756726,'0000-00-00',1,1,1,'0000-00-00 00:00:00','0000-00-00 00:00:00',1,6,0,1,1),(30,38,'VALDÉZ','ESMERALDA SILVINA',0,'0000-00-00',1,1,0,'0000-00-00 00:00:00','0000-00-00 00:00:00',0,0,0,0,1),(31,34,'FLOREZ','NÉLIDA MARÍA ROSA',42308233,'0000-00-00',1,0,0,'0000-00-00 00:00:00','0000-00-00 00:00:00',0,0,0,0,1),(32,40,'YURMAN','RODRIGO',0,'0000-00-00',1,0,0,'0000-00-00 00:00:00','0000-00-00 00:00:00',0,0,0,0,1),(33,40,'ACOSTA ','ANGELA',0,'0000-00-00',1,1,0,'0000-00-00 00:00:00','0000-00-00 00:00:00',0,0,0,0,1),(34,40,'FILLOL','AYELÉN',0,'0000-00-00',1,1,0,'0000-00-00 00:00:00','0000-00-00 00:00:00',0,0,0,0,1),(35,40,'FERNANDEZ','LUZ',0,'0000-00-00',1,0,0,'0000-00-00 00:00:00','0000-00-00 00:00:00',0,0,0,0,1),(36,40,'MENDOZA','BRISA',0,'0000-00-00',1,0,0,'0000-00-00 00:00:00','0000-00-00 00:00:00',0,0,0,0,1),(37,40,'PEREZ','FLORENCIA',0,'0000-00-00',1,1,0,'0000-00-00 00:00:00','0000-00-00 00:00:00',0,0,0,0,1),(38,40,'RÍOS','VIRGINIA',0,'0000-00-00',1,1,1,'2017-09-16 00:00:00','0000-00-00 00:00:00',0,2,0,0,1),(39,40,'SPADA','ANA',0,'0000-00-00',1,0,0,'0000-00-00 00:00:00','0000-00-00 00:00:00',0,0,0,0,1),(40,42,'QUINTANA','JUAN ANDRÉS',44820271,'0000-00-00',1,1,0,'0000-00-00 00:00:00','0000-00-00 00:00:00',0,0,0,0,1),(41,42,'VALLEJOS','ANGEL GABRIEL',44820182,'0000-00-00',1,1,1,'0000-00-00 00:00:00','0000-00-00 00:00:00',1,6,0,1,1),(42,42,'LIMA','CARLA FLORENCIA RAQUEL',45338066,'0000-00-00',1,1,0,'0000-00-00 00:00:00','0000-00-00 00:00:00',0,0,0,0,1),(43,45,'ALMIRÓN','JAZMÍN',43680671,'0000-00-00',1,1,1,'0000-00-00 00:00:00','0000-00-00 00:00:00',1,4,0,0,1),(44,45,'GIMÉNEZ','MARÍA CELESTE',45616275,'0000-00-00',1,1,1,'2009-10-10 00:00:00','0000-00-00 00:00:00',0,2,0,0,1),(45,45,'IRUTTA','EMELI MARIANA',48141170,'0000-00-00',1,1,1,'0000-00-00 00:00:00','0000-00-00 00:00:00',0,2,0,0,1),(46,45,'PEZZINI','SIOMARA ANALÍA',45389007,'0000-00-00',1,1,0,'0000-00-00 00:00:00','0000-00-00 00:00:00',0,0,0,0,1),(47,43,'MAIDANA','CLAUDIO SEBASTIÁN',44210044,'0000-00-00',1,1,0,'0000-00-00 00:00:00','0000-00-00 00:00:00',0,0,0,0,1),(48,44,'RODRÍGUEZ','MARTINA',0,'0000-00-00',1,1,1,'2009-11-06 00:00:00','0000-00-00 00:00:00',1,6,0,1,1),(49,46,'BRIOZZI','JUAN EZEQUIEL',43482834,'0000-00-00',1,1,1,'2009-08-16 00:00:00','2011-02-02 00:00:00',0,2,0,0,1),(50,46,'LÓPEZ','CARLOS EZEQUIEL',0,'0000-00-00',1,1,1,'2009-12-06 00:00:00','2011-02-17 00:00:00',0,2,0,0,1),(51,46,'SOSA','FRANCO',43826517,'0000-00-00',1,1,1,'0000-00-00 00:00:00','0000-00-00 00:00:00',0,2,0,0,1),(52,46,'VARELA','GUSTAVO',44439581,'0000-00-00',1,1,0,'0000-00-00 00:00:00','0000-00-00 00:00:00',0,0,0,0,1),(53,46,'ALMIRÓN','ANTONELLA',42165013,'0000-00-00',1,1,1,'0000-00-00 00:00:00','0000-00-00 00:00:00',1,6,0,1,1),(54,46,'CARDOZO','ELSA MICAELA',44103807,'0000-00-00',1,1,0,'0000-00-00 00:00:00','0000-00-00 00:00:00',0,0,0,0,1),(55,46,'RIVERO','FLORENCIA',44210308,'0000-00-00',1,1,0,'0000-00-00 00:00:00','0000-00-00 00:00:00',0,0,0,0,1),(56,47,'GONZÁLEZ','JEREMÍAS',0,'0000-00-00',1,1,0,'0000-00-00 00:00:00','0000-00-00 00:00:00',0,0,0,0,1),(57,229,'REINA','BRENDA ESTEFANÍA',45047862,'0000-00-00',1,1,0,'0000-00-00 00:00:00','0000-00-00 00:00:00',0,0,0,0,1),(58,230,'LÓPEZ  ','BRIAN DAVID EXEQUIEL',45047870,'0000-00-00',1,1,1,'0000-00-00 00:00:00','0000-00-00 00:00:00',0,2,0,0,1),(59,230,'LUNA','EXEQUIEL ALBERTO',45386523,'0000-00-00',1,1,1,'0000-00-00 00:00:00','0000-00-00 00:00:00',1,6,0,1,1),(60,230,'PIEDRABUENA','FERNANDO JOSÉ',45338180,'0000-00-00',1,1,1,'0000-00-00 00:00:00','0000-00-00 00:00:00',0,2,0,0,1),(61,231,'JONE','MAXIMILIANO ANTONIO',44624254,'0000-00-00',1,0,0,'0000-00-00 00:00:00','0000-00-00 00:00:00',0,0,0,0,1),(62,231,'FLORES ','MILAGROS ITATÍ',45554175,'0000-00-00',1,0,0,'0000-00-00 00:00:00','0000-00-00 00:00:00',0,0,0,0,1),(63,231,'GIMENEZ','AGUSTINA JOSEFA',44234333,'0000-00-00',1,0,0,'0000-00-00 00:00:00','0000-00-00 00:00:00',0,0,0,0,1),(64,232,'MAIDANA','LEANDRO EZEQUIEL',44743643,'0000-00-00',1,1,1,'0000-00-00 00:00:00','0000-00-00 00:00:00',0,2,0,0,1),(65,232,'MONZÓN','KEVÍN ELÍAS',44734742,'0000-00-00',1,0,0,'0000-00-00 00:00:00','0000-00-00 00:00:00',0,0,0,0,1),(66,232,'ALVEZ','MICAELA RAMONA',0,'0000-00-00',1,0,0,'0000-00-00 00:00:00','0000-00-00 00:00:00',0,0,0,0,1),(67,232,'ARRÚA','ADRIANA MARCELA',44103618,'0000-00-00',1,1,0,'0000-00-00 00:00:00','0000-00-00 00:00:00',0,0,0,0,1),(68,232,'BENITEZ','MARIBEL',43483052,'0000-00-00',1,0,0,'0000-00-00 00:00:00','0000-00-00 00:00:00',0,0,0,0,1),(69,232,'PIEDRABUENA ','ERICA',43348582,'0000-00-00',1,0,1,'0000-00-00 00:00:00','0000-00-00 00:00:00',0,2,0,0,1),(70,232,'ROJA','LUCRECIA MILAGROS',50248273,'0000-00-00',1,1,1,'2015-10-12 00:00:00','0000-00-00 00:00:00',0,2,0,0,1),(71,232,'SAUCEDO','JESICA LUCÍA',43826606,'0000-00-00',1,1,1,'0000-00-00 00:00:00','0000-00-00 00:00:00',0,2,0,0,1),(72,232,'HEIDENREICH','MATÍAS ALÍ',0,'0000-00-00',1,1,1,'0000-00-00 00:00:00','0000-00-00 00:00:00',0,2,0,0,1),(73,233,'MARTINEZ','ISMAEL HORACIO',46603354,'0000-00-00',1,0,0,'0000-00-00 00:00:00','0000-00-00 00:00:00',0,0,0,0,1),(74,233,'TATSCH','DANIEL REINALDO',44210037,'0000-00-00',1,0,0,'0000-00-00 00:00:00','0000-00-00 00:00:00',0,0,0,0,1),(75,233,'VILLASANTI','MAURICIO ANDRÉS',44707973,'0000-00-00',1,1,1,'0000-00-00 00:00:00','0000-00-00 00:00:00',1,6,0,1,1),(76,233,'AGUIRRE','MICAELA SOL',44034984,'0000-00-00',1,0,0,'0000-00-00 00:00:00','0000-00-00 00:00:00',0,0,0,0,1),(77,233,'ARRÚA','ALEJANDRA',44701146,'0000-00-00',1,1,0,'0000-00-00 00:00:00','0000-00-00 00:00:00',0,0,0,0,1),(78,233,'BENITEZ','AGUSTINA MARINA',42850972,'0000-00-00',1,1,1,'0000-00-00 00:00:00','0000-00-00 00:00:00',0,2,0,0,1),(79,233,'DE LAMADRID','NOELIA',42164922,'0000-00-00',1,1,1,'0000-00-00 00:00:00','0000-00-00 00:00:00',0,2,0,0,1),(80,233,'MORÍNICO','YANELLA',43413503,'0000-00-00',1,1,1,'0000-00-00 00:00:00','0000-00-00 00:00:00',0,2,0,0,1),(81,233,'QUINTEROS','VICTORIA',44556684,'0000-00-00',1,1,1,'2015-12-04 00:00:00','0000-00-00 00:00:00',1,6,0,1,1),(82,233,'VILCHE ','DAIANA',42850835,'0000-00-00',1,0,1,'2015-11-30 00:00:00','0000-00-00 00:00:00',0,2,0,0,1),(83,234,'ESCOBAR','GASTÓN MANUEL',0,'0000-00-00',1,0,0,'0000-00-00 00:00:00','0000-00-00 00:00:00',0,0,0,0,1),(84,234,'MENDIETA','EMANUEL DAVID',0,'0000-00-00',1,0,0,'0000-00-00 00:00:00','0000-00-00 00:00:00',0,0,0,0,1),(85,234,'OSORIO','ALCIDES JOSÉ',44369175,'0000-00-00',1,1,1,'0000-00-00 00:00:00','0000-00-00 00:00:00',0,2,0,0,1),(86,234,'FERREIRA','NADIA MARÍA ELISABET',44498883,'0000-00-00',1,1,0,'0000-00-00 00:00:00','0000-00-00 00:00:00',0,0,0,0,1),(87,234,'MEDINA ','LUCIANA YAMILA',43826610,'0000-00-00',1,1,1,'2015-05-08 00:00:00','0000-00-00 00:00:00',0,2,0,0,1),(88,234,'ROBLEDO','SELENA YANELLA',44439631,'0000-00-00',1,1,1,'0000-00-00 00:00:00','0000-00-00 00:00:00',0,2,0,0,1),(89,235,'ARCE','AXEL DAMIÁN',44441261,'0000-00-00',1,1,1,'0000-00-00 00:00:00','0000-00-00 00:00:00',0,2,0,0,1),(90,235,'MIÑO','JOEL ENRIQUE',48908498,'0000-00-00',1,1,1,'0000-00-00 00:00:00','0000-00-00 00:00:00',0,2,0,0,1),(91,235,'OCAMPO','LEO DAMIÁN DIEGO',44701348,'0000-00-00',1,0,0,'0000-00-00 00:00:00','0000-00-00 00:00:00',0,0,0,0,1),(92,235,'ROBLEDO ','KEVÍN RODRIGO',44862634,'0000-00-00',1,0,0,'0000-00-00 00:00:00','0000-00-00 00:00:00',0,0,0,0,1),(93,235,'SUAREZ','AUGUSTO GUSTAVO SAÚL',44763966,'0000-00-00',1,0,0,'0000-00-00 00:00:00','0000-00-00 00:00:00',0,0,0,0,1),(94,235,'ALVEZ','MACARENA ITATÍ',0,'0000-00-00',1,0,0,'0000-00-00 00:00:00','0000-00-00 00:00:00',0,0,0,0,1),(95,235,'GALLO','MARISOL VIRGINIA',44862606,'0000-00-00',1,0,0,'0000-00-00 00:00:00','0000-00-00 00:00:00',0,0,0,0,1),(96,235,'MAYDANA','MARÍA DE LOS ANGELES',0,'0000-00-00',1,1,1,'0000-00-00 00:00:00','0000-00-00 00:00:00',0,2,0,0,1),(97,237,'LARROZA','TOMÁS ANDRÉS',45168521,'0000-00-00',1,0,0,'0000-00-00 00:00:00','0000-00-00 00:00:00',0,0,0,0,1),(98,237,'NOIR','RAFFO BENJAMÍN',45616019,'0000-00-00',1,1,0,'0000-00-00 00:00:00','0000-00-00 00:00:00',0,0,0,0,1),(99,237,'PIZZINI','BENJAMIN',45757458,'0000-00-00',1,1,1,'0000-00-00 00:00:00','2011-02-23 00:00:00',0,2,0,0,1),(100,237,'RIVERO','BRIÁN TOMÁS',45386554,'0000-00-00',1,1,1,'2009-00-15 00:00:00','0000-00-00 00:00:00',1,6,0,1,1),(101,237,'ZALAZAR','GONZALO VALENTÍN',45757364,'0000-00-00',1,1,1,'2009-03-05 00:00:00','2011-02-26 00:00:00',1,6,0,1,1),(102,237,'ALCOBA','MARÍA SOFÍA',45168530,'0000-00-00',1,1,1,'0000-00-00 00:00:00','0000-00-00 00:00:00',1,6,0,1,1),(103,237,'FERRARI','CAMILA GUADALUPE',45389135,'0000-00-00',1,1,1,'2009-05-29 00:00:00','0000-00-00 00:00:00',1,6,0,1,1),(104,237,'HERBRARD DI BRAIDA','CAMILA',44862545,'0000-00-00',1,1,1,'0000-00-00 00:00:00','0000-00-00 00:00:00',0,2,0,0,1),(105,237,'RAMIREZ','ALBANA ELIZABETH',45616120,'0000-00-00',1,1,1,'2009-05-07 00:00:00','2011-02-20 00:00:00',0,2,0,0,1),(106,237,'RUIZ DIAZ','AGUSTINA',45338256,'0000-00-00',1,1,0,'0000-00-00 00:00:00','0000-00-00 00:00:00',0,0,0,0,1),(107,238,'ARCE','JOSEFINA AYELÉN',44980363,'0000-00-00',1,1,1,'2009-01-17 00:00:00','0000-00-00 00:00:00',1,6,0,1,1),(108,239,'SAMPIETRO','JOAQUÍN EXEQUIEL',44862558,'0000-00-00',1,1,0,'0000-00-00 00:00:00','0000-00-00 00:00:00',0,0,0,0,1),(109,239,'SGÜERZO','LUCIANO MARCELO',45386534,'0000-00-00',1,1,0,'0000-00-00 00:00:00','0000-00-00 00:00:00',0,0,0,0,1),(110,239,'DUCASSE','MARÍA PAZ',45847232,'0000-00-00',1,1,1,'0000-00-00 00:00:00','0000-00-00 00:00:00',0,2,0,0,1),(111,239,'SARMIENTO','ESPERANZA BEATRIZ',45582675,'0000-00-00',1,1,0,'0000-00-00 00:00:00','0000-00-00 00:00:00',0,0,0,0,1),(112,240,'VERON','FRANCISCO NAHUEL',44820038,'0000-00-00',1,1,1,'0000-00-00 00:00:00','0000-00-00 00:00:00',0,2,0,0,1),(113,240,'DE JESÚS','MARÍA FLORENCIA',44210552,'0000-00-00',1,1,1,'0000-00-00 00:00:00','0000-00-00 00:00:00',1,6,0,1,1),(114,240,'PÉREZ','SOLANGE AMAEL',44701067,'0000-00-00',1,1,0,'0000-00-00 00:00:00','0000-00-00 00:00:00',0,0,0,0,1),(115,241,'TALLONE','ELÍAS EMANUEL',44701373,'0000-00-00',1,1,0,'0000-00-00 00:00:00','0000-00-00 00:00:00',0,0,0,0,1),(116,241,'ARLETTAZ','AVRIL',44820278,'0000-00-00',1,0,0,'0000-00-00 00:00:00','0000-00-00 00:00:00',0,0,0,0,1),(117,241,'CODURI','LUCIA MICAELA',44922007,'0000-00-00',1,1,1,'0000-00-00 00:00:00','0000-00-00 00:00:00',0,2,0,0,1),(118,241,'MAZZARELLA','GIULIANA VANESA',44820020,'0000-00-00',1,1,0,'0000-00-00 00:00:00','0000-00-00 00:00:00',0,0,0,0,1),(119,241,'SANCHEZ','BRISA NIKOLE',44862524,'0000-00-00',1,1,1,'0000-00-00 00:00:00','0000-00-00 00:00:00',1,6,0,1,1),(120,241,'SBRESSO','MARÍA FELICITAS',44441325,'0000-00-00',1,0,0,'0000-00-00 00:00:00','0000-00-00 00:00:00',0,0,0,0,1),(121,242,'IMOBERDORFF','CÉSAR EMANUEL',44439845,'0000-00-00',1,1,1,'0000-00-00 00:00:00','0000-00-00 00:00:00',1,6,0,1,1),(122,242,'KRENZ','EMILIANO GASTÓN',44624093,'0000-00-00',1,1,1,'0000-00-00 00:00:00','0000-00-00 00:00:00',1,6,0,1,1),(123,239,'FERNANDEZ','BÁRBARA',44734710,'0000-00-00',1,1,1,'0000-00-00 00:00:00','2011-02-07 00:00:00',0,2,0,0,1),(124,239,'OLIVIERI','SOFÍA AYELEN',44556893,'0000-00-00',1,1,1,'0000-00-00 00:00:00','0000-00-00 00:00:00',1,6,0,1,1),(125,217,'ESCOBAR','ANALÍA',45947619,'0000-00-00',1,1,0,'0000-00-00 00:00:00','0000-00-00 00:00:00',0,0,0,0,1),(126,222,'MEDINA','GERÓNIMO RAFAEL',46519818,'0000-00-00',1,0,0,'0000-00-00 00:00:00','0000-00-00 00:00:00',0,0,0,0,1),(127,222,'PELANDINO','KEVIN',45756688,'0000-00-00',1,1,0,'0000-00-00 00:00:00','0000-00-00 00:00:00',0,0,0,0,1),(128,222,'ROMERO','DIEGO',46392096,'0000-00-00',1,1,1,'0000-00-00 00:00:00','0000-00-00 00:00:00',0,2,0,0,1),(129,222,'BELIZAN','DIANA YANELLA',45047892,'0000-00-00',1,1,1,'0000-00-00 00:00:00','0000-00-00 00:00:00',0,2,0,0,1),(130,222,'CABRAL','LUCIANA GUADALUPE',46392092,'0000-00-00',1,0,0,'0000-00-00 00:00:00','0000-00-00 00:00:00',0,0,0,0,1),(131,222,'MARKER','LUDMILA ABIGAIL',46519731,'0000-00-00',1,0,0,'0000-00-00 00:00:00','0000-00-00 00:00:00',0,0,0,0,1),(132,222,'ROMERO LESCANO','PAULINA S. L.',46519740,'0000-00-00',1,1,0,'0000-00-00 00:00:00','0000-00-00 00:00:00',0,0,0,0,1),(133,222,'DELGANO','ELIO',45167534,'0000-00-00',1,0,0,'0000-00-00 00:00:00','0000-00-00 00:00:00',0,0,0,0,1),(134,222,'RAMOS','MARIANO EZEQUIEL',46676584,'0000-00-00',1,0,0,'0000-00-00 00:00:00','0000-00-00 00:00:00',0,0,0,0,1),(135,223,'ROJAS','LUCAS JOSÉ',46392194,'0000-00-00',1,1,1,'0000-00-00 00:00:00','0000-00-00 00:00:00',0,2,0,0,1),(136,223,'BUFFET','SHEILA YASMÍN',46001680,'0000-00-00',1,1,1,'0000-00-00 00:00:00','0000-00-00 00:00:00',0,2,0,0,1),(137,218,'BIERA','LUCAS NICOLÁS',44439817,'0000-00-00',1,1,1,'0000-00-00 00:00:00','0000-00-00 00:00:00',0,2,0,0,1),(138,218,'PEREZ','EDGARDO JULIÁN',45047853,'0000-00-00',1,1,1,'0000-00-00 00:00:00','0000-00-00 00:00:00',1,6,0,1,1),(139,218,'GONZÁLEZ NÚÑEZ','DAIANA',0,'0000-00-00',1,1,1,'0000-00-00 00:00:00','0000-00-00 00:00:00',0,2,0,0,1),(140,219,'ALVAREZ','LUCAS GUILLERMO',45554252,'0000-00-00',1,0,0,'0000-00-00 00:00:00','0000-00-00 00:00:00',0,0,0,0,1),(141,219,'BENÍTEZ','GERARDO ANDRÉS',44074185,'0000-00-00',1,0,0,'0000-00-00 00:00:00','0000-00-00 00:00:00',0,0,0,0,1),(142,219,'GAMARRA','JUAN GABRIEL',43148161,'0000-00-00',1,1,0,'0000-00-00 00:00:00','0000-00-00 00:00:00',0,0,0,0,1),(143,219,'PALACIOS','CINTIA ABIGAIL',45756501,'0000-00-00',1,1,1,'0000-00-00 00:00:00','0000-00-00 00:00:00',1,6,0,1,1),(144,219,'SCARONE','NAZARENA ELISABET',44763931,'0000-00-00',1,1,1,'0000-00-00 00:00:00','0000-00-00 00:00:00',0,2,0,0,1),(145,224,'FARÍAS','GUSTAVO DAVID',45386584,'0000-00-00',1,1,0,'0000-00-00 00:00:00','0000-00-00 00:00:00',0,0,0,0,1),(146,224,'ROMERO','PRISCILA AILÉN',45554186,'0000-00-00',1,1,1,'0000-00-00 00:00:00','0000-00-00 00:00:00',1,6,0,1,1),(147,225,'CÓCERES','MILAGROS AILÉN',45757000,'0000-00-00',1,1,1,'0000-00-00 00:00:00','0000-00-00 00:00:00',0,2,0,0,1),(148,220,'GOMEZ','MARISA',45338126,'0000-00-00',1,1,1,'0000-00-00 00:00:00','0000-00-00 00:00:00',0,2,0,0,1),(149,220,'ROJAS','MILAGROS AYELÉN',44624133,'0000-00-00',1,1,0,'0000-00-00 00:00:00','0000-00-00 00:00:00',0,0,0,0,1),(150,220,'VALLEJOS','KAREN MICAELA',47177639,'0000-00-00',1,1,1,'2015-03-24 00:00:00','0000-00-00 00:00:00',0,2,0,0,1),(151,221,'CHAVES','GONZALO JOAQUÍN',43113309,'0000-00-00',1,1,1,'0000-00-00 00:00:00','0000-00-00 00:00:00',0,2,0,0,1),(152,221,'MACIEL','RAMIRO MAXIMILIANO',44103576,'0000-00-00',1,1,1,'0000-00-00 00:00:00','0000-00-00 00:00:00',0,2,0,0,1),(153,221,'PALACIOS','JOAQUÍN ANDRÉS',44439645,'0000-00-00',1,0,0,'0000-00-00 00:00:00','0000-00-00 00:00:00',0,0,0,0,1),(154,221,'VERA','KEVIN ARNALDO',44439809,'0000-00-00',1,0,0,'0000-00-00 00:00:00','0000-00-00 00:00:00',0,0,0,0,1),(155,221,'ROMERO','MILAGROS AYELÉN',43413458,'0000-00-00',1,1,0,'0000-00-00 00:00:00','0000-00-00 00:00:00',0,0,0,0,1),(156,221,'RULERA','RUTH LUNA MARÍA',44439876,'0000-00-00',1,1,1,'0000-00-00 00:00:00','0000-00-00 00:00:00',1,6,0,1,1),(157,221,'TABORDA','MILAGROS MARICEL',44556865,'0000-00-00',1,0,0,'0000-00-00 00:00:00','0000-00-00 00:00:00',0,0,0,0,1),(158,221,'TORRES','LUDMILA DAIANA',44820219,'0000-00-00',1,0,0,'0000-00-00 00:00:00','0000-00-00 00:00:00',0,0,0,0,1),(159,221,'VALLEJOS','ANA CECILIA',49225315,'0000-00-00',1,1,0,'0000-00-00 00:00:00','0000-00-00 00:00:00',0,0,0,0,1),(160,221,'VALLEJOS','VALERIA JOHANA',44709570,'0000-00-00',1,0,0,'0000-00-00 00:00:00','0000-00-00 00:00:00',0,0,0,0,1),(161,226,'GASTARDELLO','FERNANDO JOSÉ',48263886,'0000-00-00',1,1,0,'0000-00-00 00:00:00','0000-00-00 00:00:00',0,0,0,0,1),(162,226,'ROLLANO','WALTER JAVIER',43826554,'0000-00-00',1,1,1,'2015-02-03 00:00:00','0000-00-00 00:00:00',0,2,0,0,1),(163,227,'DELGADO','FABIÁN EZEQUIEL',44210151,'0000-00-00',1,1,1,'0000-00-00 00:00:00','0000-00-00 00:00:00',0,2,0,0,1),(164,227,'ENRIQUEZ','CIELO MARISOL',42476991,'0000-00-00',1,1,0,'0000-00-00 00:00:00','0000-00-00 00:00:00',0,0,0,0,1),(165,227,'ALTAMIRANDO','SHIRLEY AYELÉN',0,'0000-00-00',1,1,1,'2015-01-13 00:00:00','0000-00-00 00:00:00',1,1,0,0,1),(166,1,'BENITEZ','AGOSTINA',46519874,'0000-00-00',1,1,0,'0000-00-00 00:00:00','0000-00-00 00:00:00',0,0,0,0,1),(167,1,'CASTILLO','ESMERALDA AILEN',46519610,'0000-00-00',1,0,0,'0000-00-00 00:00:00','0000-00-00 00:00:00',0,0,0,0,1),(168,1,'RUIZ GALARZA','CARLOS ADRIAN',45948025,'0000-00-00',1,1,1,'0000-00-00 00:00:00','0000-00-00 00:00:00',1,1,0,0,1),(169,1,'ROMERO','ARIEL EZEQUIEL',46391957,'0000-00-00',1,1,1,'0000-00-00 00:00:00','0000-00-00 00:00:00',1,6,0,1,1),(170,1,'VEGA','AUGUSTO NICOLAS',46603283,'0000-00-00',1,1,0,'0000-00-00 00:00:00','0000-00-00 00:00:00',0,0,0,0,1),(171,1,'GOROSTEGUI','LUCIANO',45338236,'0000-00-00',1,0,0,'0000-00-00 00:00:00','0000-00-00 00:00:00',0,0,0,0,1),(172,1,'CARNEVALE','GIULIANO',46466353,'0000-00-00',1,1,1,'0000-00-00 00:00:00','0000-00-00 00:00:00',0,2,0,0,1),(173,1,'BRIZUELA','MARTINA',45947886,'0000-00-00',1,1,1,'0000-00-00 00:00:00','0000-00-00 00:00:00',1,6,0,1,1),(174,1,'VALLEJOS','JAMIL',46603311,'0000-00-00',1,1,0,'0000-00-00 00:00:00','0000-00-00 00:00:00',0,0,0,0,1),(175,1,'LEITOS','SOFIA',46250119,'0000-00-00',1,0,0,'0000-00-00 00:00:00','0000-00-00 00:00:00',0,0,0,0,1),(176,2,'FRANCOLINI','MARIA BELEN',41981677,'0000-00-00',1,1,1,'0000-00-00 00:00:00','0000-00-00 00:00:00',1,6,0,1,1),(177,2,'GALVEZ','ANA LAURA',42123208,'0000-00-00',1,1,1,'0000-00-00 00:00:00','0000-00-00 00:00:00',1,6,0,1,1),(178,2,'UBERDA ','MELANI CECILIA',41381841,'0000-00-00',1,1,0,'0000-00-00 00:00:00','0000-00-00 00:00:00',0,0,0,0,1),(179,23,'MENDOZA','FERNANDA',40409358,'0000-00-00',1,1,1,'0000-00-00 00:00:00','0000-00-00 00:00:00',1,4,0,0,1),(180,29,'CANDIA ','LUCIANO',46392071,'0000-00-00',1,1,1,'0000-00-00 00:00:00','0000-00-00 00:00:00',0,2,0,0,1),(181,29,'LEDESMA ','KIARA',46724985,'0000-00-00',1,1,1,'0000-00-00 00:00:00','0000-00-00 00:00:00',0,2,0,0,1),(182,29,'GOMEZ ','DAVID ERNESTO BALDOMERO',46264233,'0000-00-00',1,1,1,'2012-03-20 00:00:00','0000-00-00 00:00:00',0,2,0,0,1),(183,29,'SILVA ','MARIA DE LOS MILAGROS ',46081531,'0000-00-00',1,1,1,'0000-00-00 00:00:00','0000-00-00 00:00:00',0,2,0,0,1),(184,29,'PANELO ','SELENE MAILEN',46392986,'0000-00-00',1,1,1,'0000-00-00 00:00:00','0000-00-00 00:00:00',0,2,0,0,1),(185,29,'MARTINEZ ','CAMILA CELESTE',46391155,'0000-00-00',1,1,1,'0000-00-00 00:00:00','0000-00-00 00:00:00',1,6,0,1,1),(186,30,'RACEDO ','ORIANA MICAELA',42354291,'0000-00-00',1,0,0,'0000-00-00 00:00:00','0000-00-00 00:00:00',0,0,0,0,1),(187,30,'MEDINA ','MARIA AGUSTINA',42476830,'0000-00-00',1,0,1,'0000-00-00 00:00:00','0000-00-00 00:00:00',0,2,0,0,1),(188,30,'MEDINA ','KAREN MICAELA',47326464,'0000-00-00',1,1,1,'0000-00-00 00:00:00','0000-00-00 00:00:00',1,6,0,1,1),(189,30,'TORALES ','DIEGO NICOLAS',41868432,'0000-00-00',1,1,1,'0000-00-00 00:00:00','0000-00-00 00:00:00',1,6,0,1,1),(190,48,'CHAMORRO','SAMIRA',0,'0000-00-00',1,1,1,'0000-00-00 00:00:00','0000-00-00 00:00:00',0,2,0,0,1),(191,48,'GODOY','CELESTE LUDMILA',46519927,'0000-00-00',1,1,1,'2009-11-22 00:00:00','0000-00-00 00:00:00',0,2,0,0,1),(192,48,'RUIZ','ANA JORGELINA',45947622,'0000-00-00',1,0,0,'0000-00-00 00:00:00','0000-00-00 00:00:00',0,0,0,0,1),(193,68,'SALINI','ORIANA AILEN',46081729,'0000-00-00',1,1,0,'0000-00-00 00:00:00','0000-00-00 00:00:00',0,0,0,0,1),(194,68,'RAMAT','DANA',46519870,'0000-00-00',1,1,1,'0000-00-00 00:00:00','0000-00-00 00:00:00',1,6,0,1,1),(195,68,'LEIVA','NAZARENO',45947910,'0000-00-00',1,1,0,'0000-00-00 00:00:00','0000-00-00 00:00:00',0,0,0,0,1),(196,68,'RUSSO','FRANCO NICOLAS',46065091,'0000-00-00',1,1,0,'0000-00-00 00:00:00','0000-00-00 00:00:00',0,0,0,0,1),(197,68,'DENIS','MARCELA',45001964,'0000-00-00',1,1,1,'2009-00-28 00:00:00','0000-00-00 00:00:00',0,2,0,0,1),(198,68,'LOPEZ','PAMELA',46249515,'0000-00-00',1,1,1,'0000-00-00 00:00:00','0000-00-00 00:00:00',0,2,0,0,1),(199,68,'ARCE','GONZALO',46249337,'0000-00-00',1,1,1,'0000-00-00 00:00:00','2016-11-13 00:00:00',0,2,0,0,1),(200,68,'CABRERA','MORENA',46392127,'0000-00-00',1,1,0,'0000-00-00 00:00:00','0000-00-00 00:00:00',0,0,0,0,1),(201,68,'VILLALBA','JULIETA',46249547,'0000-00-00',1,1,1,'0000-00-00 00:00:00','0000-00-00 00:00:00',0,2,0,0,1),(202,68,'SIMEONE','MARTIN',46392281,'0000-00-00',1,1,0,'0000-00-00 00:00:00','0000-00-00 00:00:00',0,0,0,0,1),(203,82,'SOLÍS','YANINA DANIELA',0,'0000-00-00',1,0,0,'0000-00-00 00:00:00','0000-00-00 00:00:00',0,0,0,0,1),(204,82,'PEREYRA','ANGIE',0,'0000-00-00',1,1,0,'0000-00-00 00:00:00','0000-00-00 00:00:00',0,0,0,0,1),(205,83,'FERNÁNDEZ','FLORENCIA MICAELA',44820156,'0000-00-00',1,1,1,'0000-00-00 00:00:00','0000-00-00 00:00:00',1,6,0,1,1),(206,83,'RAMÍREZ','ROSA ANALÍA',47408636,'0000-00-00',1,1,1,'2017-05-13 00:00:00','0000-00-00 00:00:00',0,2,0,0,1),(207,84,'CÁCERES','LAUREANO JAVIER',43826717,'0000-00-00',1,1,0,'0000-00-00 00:00:00','0000-00-00 00:00:00',0,0,0,0,1),(208,85,'PEREZ','MARÍA DE LOS ÁNGELES',0,'0000-00-00',1,1,0,'0000-00-00 00:00:00','0000-00-00 00:00:00',0,0,0,0,1),(209,86,'BALBUENA','HUGO EMANUEL',0,'0000-00-00',1,1,1,'0000-00-00 00:00:00','0000-00-00 00:00:00',0,2,0,0,1),(210,88,'VELER','DANTE VALENTIN',46250233,'0000-00-00',1,1,1,'0000-00-00 00:00:00','0000-00-00 00:00:00',1,6,0,1,1),(211,88,'BENITEZ','IGNACIO JOAQUIN',46519755,'0000-00-00',1,1,1,'0000-00-00 00:00:00','0000-00-00 00:00:00',1,6,0,1,1),(212,88,'MERCADO','FLORENCIA',45947840,'0000-00-00',1,0,0,'0000-00-00 00:00:00','0000-00-00 00:00:00',0,0,0,0,1),(213,88,'RODRIGUEZ','FLORENCIA',46519625,'0000-00-00',1,0,0,'0000-00-00 00:00:00','0000-00-00 00:00:00',0,0,0,0,1),(214,88,'RODRIGUEZ','LUCIANA',0,'0000-00-00',1,0,0,'0000-00-00 00:00:00','0000-00-00 00:00:00',0,0,0,0,1),(215,88,'HENERAS','JUAN PABLO',46250324,'0000-00-00',1,0,0,'0000-00-00 00:00:00','0000-00-00 00:00:00',0,0,0,0,1),(216,88,'ACEVERDO','JUAN MARTIN',46603219,'0000-00-00',1,0,0,'0000-00-00 00:00:00','0000-00-00 00:00:00',0,0,0,0,1),(217,88,'VADIVIESA','NICOLAS M.',46391163,'0000-00-00',1,0,0,'0000-00-00 00:00:00','0000-00-00 00:00:00',0,0,0,0,1),(218,88,'SABOREDO','MARIANO',45948083,'0000-00-00',1,0,0,'0000-00-00 00:00:00','0000-00-00 00:00:00',0,0,0,0,1),(219,88,'DENIS','ALEJANDRA',46603266,'0000-00-00',1,0,0,'0000-00-00 00:00:00','0000-00-00 00:00:00',0,0,0,0,1),(220,88,'IZAGUIRRE','IGNACIO L.',45758683,'0000-00-00',1,0,0,'0000-00-00 00:00:00','0000-00-00 00:00:00',0,0,0,0,1),(221,88,'MORINIGO','HECTOR HORACIO',46603301,'0000-00-00',1,0,0,'0000-00-00 00:00:00','0000-00-00 00:00:00',0,0,0,0,1),(222,88,'GONZALEZ ','EUGENIA N.',46519720,'0000-00-00',1,0,0,'0000-00-00 00:00:00','0000-00-00 00:00:00',0,0,0,0,1),(223,88,'BORGADO','IGNACIO B.',46391033,'0000-00-00',1,0,0,'0000-00-00 00:00:00','0000-00-00 00:00:00',0,0,0,0,1),(224,88,'HUERTA','LUCAS M',46603359,'0000-00-00',1,0,0,'0000-00-00 00:00:00','0000-00-00 00:00:00',0,0,0,0,1),(225,88,'GIACOMELLI','NICOLAS D. ',46391898,'0000-00-00',1,0,0,'0000-00-00 00:00:00','0000-00-00 00:00:00',0,0,0,0,1),(226,88,'CABRERA','JULIANA',46392972,'0000-00-00',1,0,0,'0000-00-00 00:00:00','0000-00-00 00:00:00',0,0,0,0,1),(227,88,'FERNANDEZ ','GERONIMO',46519686,'0000-00-00',1,0,0,'0000-00-00 00:00:00','0000-00-00 00:00:00',0,0,0,0,1),(228,88,'POTOCSNYAK','IARA',45847330,'0000-00-00',1,0,0,'0000-00-00 00:00:00','0000-00-00 00:00:00',0,0,0,0,1),(229,95,'MEZA','LUCAS MARTIN',41867783,'0000-00-00',1,0,0,'0000-00-00 00:00:00','0000-00-00 00:00:00',0,0,0,0,1),(230,95,'ALVAREZ','DANILO JOAQUÍN',42731379,'0000-00-00',1,0,1,'0000-00-00 00:00:00','0000-00-00 00:00:00',1,6,0,1,1),(231,107,'BORDAGARAY ','TOMAS',44820136,'0000-00-00',1,1,0,'0000-00-00 00:00:00','0000-00-00 00:00:00',0,0,0,0,1),(232,107,'ESPER ','MARIA VICTORIA',45847379,'0000-00-00',1,1,1,'0000-00-00 00:00:00','0000-00-00 00:00:00',0,2,0,0,1),(233,107,'PRIETO ','TOMAS A. ',46642652,'0000-00-00',1,0,0,'0000-00-00 00:00:00','0000-00-00 00:00:00',0,0,0,0,1),(234,107,'GARIN ','ELIAS',46250378,'0000-00-00',1,1,1,'0000-00-00 00:00:00','0000-00-00 00:00:00',1,6,0,1,1),(235,107,'SERDAN','CARLA EVANGELINA',46860675,'0000-00-00',1,1,1,'0000-00-00 00:00:00','0000-00-00 00:00:00',1,6,0,1,1),(236,107,'RAMOS ','IARA JANET',46519576,'0000-00-00',1,0,0,'0000-00-00 00:00:00','0000-00-00 00:00:00',0,0,0,0,1),(237,107,'GOMEZ ','MARIA DELFINA',46392011,'0000-00-00',1,1,1,'0000-00-00 00:00:00','0000-00-00 00:00:00',1,6,0,1,1),(238,107,'VALLEJOS ','MATIAS AXEL',0,'0000-00-00',1,1,0,'0000-00-00 00:00:00','0000-00-00 00:00:00',0,0,0,0,1),(239,107,'GUIDA ','CAROLINA',46392245,'0000-00-00',1,0,0,'0000-00-00 00:00:00','0000-00-00 00:00:00',0,0,0,0,1),(240,107,'GAITE ','BRENDA M. ',46519723,'0000-00-00',1,0,0,'0000-00-00 00:00:00','0000-00-00 00:00:00',0,0,0,0,1),(241,107,'BARGAS ','SOFIA L. ',46603361,'0000-00-00',1,0,0,'0000-00-00 00:00:00','0000-00-00 00:00:00',0,0,0,0,1),(242,107,'CABRERA ','ELIANA ABIGAIL',46519523,'0000-00-00',1,1,0,'0000-00-00 00:00:00','0000-00-00 00:00:00',0,0,0,0,1),(243,154,'VALDEZ','ARIANA GIANELLA',45948040,'0000-00-00',1,1,1,'0000-00-00 00:00:00','0000-00-00 00:00:00',0,5,0,0,1),(244,154,'LOPEZ','TOBIAS DAMIAN',46391099,'0000-00-00',1,1,0,'0000-00-00 00:00:00','0000-00-00 00:00:00',0,0,0,0,1),(245,154,'DELGADO','LUDMILA',46519642,'0000-00-00',1,1,1,'2012-07-28 00:00:00','2013-12-31 00:00:00',1,6,0,1,1),(246,154,'FRANCE','LUZ AILIN',46519582,'0000-00-00',1,0,1,'0000-00-00 00:00:00','0000-00-00 00:00:00',1,6,0,1,1),(247,154,'RODRIGUEZ','VALENTIN',46392224,'0000-00-00',1,1,0,'0000-00-00 00:00:00','0000-00-00 00:00:00',0,0,0,0,1),(248,154,'VARELA','ISAIAS DAVID',46249463,'0000-00-00',1,1,1,'0000-00-00 00:00:00','2013-08-08 00:00:00',1,6,0,1,1),(249,154,'BENITEZ','FATIMA MILAGROS',0,'0000-00-00',1,1,1,'0000-00-00 00:00:00','0000-00-00 00:00:00',1,6,0,1,1),(250,155,'BOURNISSEN','LELIA',42123009,'0000-00-00',1,0,0,'0000-00-00 00:00:00','0000-00-00 00:00:00',0,0,0,0,1),(251,155,'DELGADO','ADRIAN DAVID',40045854,'0000-00-00',1,0,0,'0000-00-00 00:00:00','0000-00-00 00:00:00',0,0,0,0,1),(252,155,'AVALOS','LEONARDO GRABIEL',40805833,'0000-00-00',1,0,0,'0000-00-00 00:00:00','0000-00-00 00:00:00',0,0,0,0,1),(253,160,'CACERES ','MILAGROS',46249396,'0000-00-00',1,1,1,'0000-00-00 00:00:00','0000-00-00 00:00:00',0,2,0,0,1),(254,160,'JACOB ','KEVIN GONZALO',46391832,'0000-00-00',1,1,1,'0000-00-00 00:00:00','0000-00-00 00:00:00',0,2,0,0,1),(255,160,'ECKERDT ','LEROY',46603393,'0000-00-00',1,1,1,'0000-00-00 00:00:00','0000-00-00 00:00:00',0,2,0,0,1),(256,160,'FERNANDEZ ','AGUSTINA XIMENA',46466342,'0000-00-00',1,1,1,'0000-00-00 00:00:00','0000-00-00 00:00:00',0,2,0,0,1),(257,160,'VILLARRUEL ','JUSTINA',45947732,'0000-00-00',1,1,1,'0000-00-00 00:00:00','0000-00-00 00:00:00',1,6,0,1,1),(258,160,'ALVEZ ','MELISA ANAHI',45756999,'0000-00-00',1,1,0,'0000-00-00 00:00:00','0000-00-00 00:00:00',0,0,0,0,1),(259,161,'CHAPARRO','ROSARIO MORENA',45389197,'0000-00-00',1,1,0,'0000-00-00 00:00:00','0000-00-00 00:00:00',0,0,0,0,1),(260,161,'ERITIER','MORENA MARTINA',45054103,'0000-00-00',1,0,0,'0000-00-00 00:00:00','0000-00-00 00:00:00',0,0,0,0,1),(261,161,'FANTINO','ZOE VALENTINA',45543628,'0000-00-00',1,0,0,'0000-00-00 00:00:00','0000-00-00 00:00:00',0,0,0,0,1),(262,161,'GIAMPIETRI','FLORENCIA CAROLINA',45167584,'0000-00-00',1,1,1,'2013-02-15 00:00:00','2018-03-22 00:00:00',1,6,0,1,1),(263,161,'MAIER','CHRISTEL',45075383,'0000-00-00',1,1,0,'0000-00-00 00:00:00','0000-00-00 00:00:00',0,0,0,0,1),(264,161,'MEDINA','NADIA GIMENA',46249437,'0000-00-00',1,1,0,'0000-00-00 00:00:00','0000-00-00 00:00:00',0,0,0,0,1),(265,162,'RUÍZ DÍAZ','PABLO VALENTÍN',45846137,'0000-00-00',1,0,0,'0000-00-00 00:00:00','0000-00-00 00:00:00',0,0,0,0,1),(266,162,'AZAMBUYA','ABIGAIL',45168523,'0000-00-00',1,1,1,'0000-00-00 00:00:00','2018-02-11 00:00:00',0,2,0,0,1),(267,162,'DÍAZ','YAMALÍ',45168546,'0000-00-00',1,0,0,'0000-00-00 00:00:00','0000-00-00 00:00:00',0,0,0,0,1),(268,162,'GARCÍA','MARIANA ANAHÍ',45386360,'0000-00-00',1,1,1,'0000-00-00 00:00:00','2018-02-00 00:00:00',0,2,0,0,1),(269,163,'BENÍTEZ','ALAN',44074260,'0000-00-00',1,0,0,'0000-00-00 00:00:00','0000-00-00 00:00:00',0,0,0,0,1),(270,163,'ESCOBAR CHIAVIA','RODRIGO DAVID',43341597,'0000-00-00',1,1,1,'0000-00-00 00:00:00','0000-00-00 00:00:00',0,2,0,0,1),(271,163,'MORENO','SANTINO',44441289,'0000-00-00',1,0,0,'0000-00-00 00:00:00','0000-00-00 00:00:00',0,0,0,0,1),(272,163,'SAGÚN','TOMÁS',44763892,'0000-00-00',1,1,1,'0000-00-00 00:00:00','0000-00-00 00:00:00',1,6,0,1,1),(273,163,'SOLÍS','BENJAMÍN',44734747,'0000-00-00',1,1,1,'2013-03-23 00:00:00','2018-03-04 00:00:00',0,2,0,0,1),(274,163,'BERDUN','MELINA AYELÉN',44862663,'0000-00-00',1,1,1,'0000-00-00 00:00:00','2018-02-19 00:00:00',0,2,0,0,1),(275,163,'FAVIER','MELANIE MARÍA ESPERANZA',44556882,'0000-00-00',1,1,1,'0000-00-00 00:00:00','2018-03-10 00:00:00',0,2,0,0,1),(276,163,'MILERA','MARÍA JOSÉ',44624245,'0000-00-00',1,1,1,'0000-00-00 00:00:00','0000-00-00 00:00:00',0,2,0,0,1),(277,164,'ZOCAR LÓPEZ','MATÍAS EMANUEL',43482965,'0000-00-00',1,0,0,'0000-00-00 00:00:00','0000-00-00 00:00:00',0,0,0,0,1),(278,164,'BOGADO','ARIANA PAULA',44369116,'0000-00-00',1,0,0,'0000-00-00 00:00:00','0000-00-00 00:00:00',0,0,0,0,1),(279,164,'CHAPARRO','SOFÍA JAZMÍN',44701087,'0000-00-00',1,1,0,'0000-00-00 00:00:00','0000-00-00 00:00:00',0,0,0,0,1),(280,164,'GONZÁLEZ','GIULIANA MERCEDES',44820029,'0000-00-00',1,0,1,'0000-00-00 00:00:00','2018-03-27 00:00:00',1,6,0,1,1),(281,164,'SAN CRISTÓBAL','TELMA AGUSTINA',42303585,'0000-00-00',1,0,0,'0000-00-00 00:00:00','0000-00-00 00:00:00',0,0,0,0,1),(282,170,'PACHECO ','PRICILA',46391973,'0000-00-00',1,0,0,'0000-00-00 00:00:00','0000-00-00 00:00:00',0,0,0,0,1),(283,170,'NICOLICHIA ','REBECA',46250481,'0000-00-00',1,1,0,'0000-00-00 00:00:00','0000-00-00 00:00:00',0,0,0,0,1),(284,170,'BENITEZ ','BRISA AGOSTINA',46519773,'0000-00-00',1,1,0,'0000-00-00 00:00:00','0000-00-00 00:00:00',0,0,0,0,1),(285,170,'GIUPPONI ','BRENDA FATIMA',45847398,'0000-00-00',1,1,1,'0000-00-00 00:00:00','2018-01-27 00:00:00',0,2,0,0,1),(286,170,'SARASUA ','CAMILA DEL ROSARIO',46458803,'0000-00-00',1,1,1,'0000-00-00 00:00:00','2018-03-18 00:00:00',1,6,0,1,1),(287,170,'BOZZOLO ','TOMAS ELIAS',45947861,'0000-00-00',1,0,0,'0000-00-00 00:00:00','0000-00-00 00:00:00',0,0,0,0,1),(288,170,'BORRERO ','KINEN FRANCISCO',46603317,'0000-00-00',1,0,0,'0000-00-00 00:00:00','0000-00-00 00:00:00',0,0,0,0,1),(289,170,'BAEZ ','CELENA',46250353,'0000-00-00',1,1,0,'0000-00-00 00:00:00','0000-00-00 00:00:00',0,0,0,0,1),(290,170,'VILCHE GOMEZ ','REBECA ',46391866,'0000-00-00',1,1,1,'0000-00-00 00:00:00','0000-00-00 00:00:00',1,6,0,1,1),(291,170,'AQUINO ','GONZALO',46250425,'0000-00-00',1,1,1,'0000-00-00 00:00:00','0000-00-00 00:00:00',1,1,0,0,1),(292,170,'RAGONE ','NAHUEL MATIAS',46266377,'0000-00-00',1,1,1,'2013-05-23 00:00:00','0000-00-00 00:00:00',0,2,0,0,1),(293,170,'VILLALBA ','MARLENE',46249516,'0000-00-00',1,0,0,'0000-00-00 00:00:00','0000-00-00 00:00:00',0,0,0,0,1),(294,170,'ALVARENGO ','MARTIN',46249541,'0000-00-00',1,0,0,'0000-00-00 00:00:00','0000-00-00 00:00:00',0,0,0,0,1),(295,170,'CANTERO ','BRIAN JOEL',46603222,'0000-00-00',1,0,1,'0000-00-00 00:00:00','0000-00-00 00:00:00',0,2,0,0,1),(296,170,'ALMADA ','DANIEL LISANDRO',46466251,'0000-00-00',1,0,1,'0000-00-00 00:00:00','0000-00-00 00:00:00',1,6,0,1,1),(297,170,'RAMOS ','ABRIL NATALI',46391113,'0000-00-00',1,0,1,'0000-00-00 00:00:00','2018-02-06 00:00:00',1,6,0,1,1),(298,170,'ALVAREZ ','NAHUEL ',0,'0000-00-00',1,0,0,'0000-00-00 00:00:00','0000-00-00 00:00:00',0,0,0,0,1),(299,180,'CÉSPEDES','HUGO',47520180,'0000-00-00',1,1,0,'0000-00-00 00:00:00','0000-00-00 00:00:00',0,0,0,0,1),(300,180,'CASTILLO','CIELO',46676685,'0000-00-00',1,1,1,'0000-00-00 00:00:00','0000-00-00 00:00:00',1,1,0,0,1),(301,180,'DUARTE','ANGEL DANIEL',46519823,'0000-00-00',1,1,1,'0000-00-00 00:00:00','0000-00-00 00:00:00',0,2,0,0,1),(302,180,'MONZÓN','FRANCO',45167635,'0000-00-00',1,0,0,'0000-00-00 00:00:00','0000-00-00 00:00:00',0,0,0,0,1),(303,180,'ARRUA','ALEXIS',46249321,'0000-00-00',1,1,1,'0000-00-00 00:00:00','0000-00-00 00:00:00',0,2,0,0,1),(304,181,'LEIVA','ORLANDO DANIEL',40804941,'0000-00-00',1,0,0,'0000-00-00 00:00:00','0000-00-00 00:00:00',0,2,0,0,1),(305,236,'FERNANDEZ ','VALENTINA ABRIL',46519570,'0000-00-00',1,1,1,'0000-00-00 00:00:00','0000-00-00 00:00:00',0,2,0,0,1),(306,236,'RUSSO ','LUCAS ALEJANDRO',46603265,'0000-00-00',1,0,0,'0000-00-00 00:00:00','0000-00-00 00:00:00',0,0,0,0,1),(307,236,'PASSARELLA ','FABRICIO JOAQUIN',46392272,'0000-00-00',1,1,0,'0000-00-00 00:00:00','0000-00-00 00:00:00',0,0,0,0,1),(308,236,'ROUSE ','TISIANA ',0,'0000-00-00',1,1,1,'0000-00-00 00:00:00','0000-00-00 00:00:00',0,2,0,0,1),(309,236,'IZAGUIRRE','EDUARDO JOSE ',46249215,'0000-00-00',1,1,1,'0000-00-00 00:00:00','0000-00-00 00:00:00',1,1,0,0,1),(310,236,'LEITES ','LAUTARO N.',46081857,'0000-00-00',1,0,0,'0000-00-00 00:00:00','0000-00-00 00:00:00',0,0,0,0,1),(311,236,'ANSALDI ','EXEQUIEL NAZARENO',46391016,'0000-00-00',1,1,1,'0000-00-00 00:00:00','0000-00-00 00:00:00',0,2,0,0,1),(312,78,'CADENAS','LUCAS',0,'0000-00-00',1,1,1,'2017-08-13 00:00:00','0000-00-00 00:00:00',1,6,0,1,1),(313,78,'PIACENZA','JESÙS ALBERTO',46249569,'0000-00-00',1,1,0,'0000-00-00 00:00:00','0000-00-00 00:00:00',0,0,0,0,1),(314,78,'LEGUIZAMO OROÑO','JOEL ISAIAS',46519514,'0000-00-00',1,1,1,'2017-06-05 00:00:00','0000-00-00 00:00:00',1,1,0,0,1),(315,78,'TORALES','GUADALUPE',46676655,'0000-00-00',1,1,0,'0000-00-00 00:00:00','0000-00-00 00:00:00',0,0,0,0,1),(316,78,'ALTAMIRANO','ESTEFANÌA',45338060,'0000-00-00',1,1,0,'0000-00-00 00:00:00','0000-00-00 00:00:00',0,0,0,0,1),(317,78,'ARAUJO','PRISCILA',46249576,'0000-00-00',1,1,1,'0000-00-00 00:00:00','0000-00-00 00:00:00',1,6,0,1,1),(318,79,'BENITEZ','KATHERINE N.',46519871,'0000-00-00',1,1,1,'2017-07-02 00:00:00','0000-00-00 00:00:00',0,2,0,0,1),(319,79,'FERREYRA','BRISA M. L.',47176356,'0000-00-00',1,1,1,'0000-00-00 00:00:00','0000-00-00 00:00:00',0,2,0,0,1),(320,79,'FERREIRA','NICOLÀS',46603280,'0000-00-00',1,1,1,'0000-00-00 00:00:00','0000-00-00 00:00:00',0,2,0,0,1),(321,79,'REYNOSO','JUAN CARLOS',46692281,'0000-00-00',1,1,0,'0000-00-00 00:00:00','0000-00-00 00:00:00',0,0,0,0,1),(322,79,'GOMEZ','RAÚL FABIÁN',45386598,'0000-00-00',1,1,1,'0000-00-00 00:00:00','0000-00-00 00:00:00',0,0,0,0,1),(323,79,'LEIVA','JENNIFER PRISCILA',46519571,'0000-00-00',1,1,1,'0000-00-00 00:00:00','0000-00-00 00:00:00',0,2,0,0,1),(324,79,'FERREIRA','VALENTINA S.',45756981,'0000-00-00',1,1,0,'0000-00-00 00:00:00','0000-00-00 00:00:00',0,0,0,0,1),(325,80,'RAMIREZ','BRISA SOLEDAD',46519907,'0000-00-00',1,0,0,'0000-00-00 00:00:00','0000-00-00 00:00:00',0,0,0,0,1),(326,87,'FLORES','GASTÓN ENZO',42731246,'0000-00-00',1,1,0,'0000-00-00 00:00:00','0000-00-00 00:00:00',0,0,0,0,1),(327,49,'ACOSTA','JOAQUÍN URIEL',46675106,'0000-00-00',1,0,0,'0000-00-00 00:00:00','0000-00-00 00:00:00',0,0,0,0,1),(328,49,'PIERRE','DEMIÁN ADRIÁN',45386467,'0000-00-00',1,0,0,'0000-00-00 00:00:00','0000-00-00 00:00:00',0,0,0,0,1),(329,50,'QUIROZ ROMERO','MATÍAS',46392227,'0000-00-00',1,0,1,'0000-00-00 00:00:00','0000-00-00 00:00:00',0,2,0,0,1),(330,50,'SORRENTINO','SANTIAGO',46519785,'0000-00-00',1,0,1,'0000-00-00 00:00:00','0000-00-00 00:00:00',1,6,0,1,1),(331,50,'GONZALEZ','BRISA',46250243,'0000-00-00',1,0,0,'0000-00-00 00:00:00','0000-00-00 00:00:00',0,0,0,0,1),(332,51,'SCHAFFER','SANTIAGO RAMÓN',45617384,'0000-00-00',1,1,1,'0000-00-00 00:00:00','0000-00-00 00:00:00',1,6,0,1,1),(333,51,'DA SILVA','SANDRA SOLEDAD',44621008,'0000-00-00',1,1,1,'0000-00-00 00:00:00','0000-00-00 00:00:00',1,6,0,1,1),(334,52,'ALFONSO','JEAN LUCA STEVEN',50287282,'0000-00-00',1,0,0,'0000-00-00 00:00:00','0000-00-00 00:00:00',0,0,0,0,1),(335,52,'AGUIRRE','NICOLÁS EMILIANO',45389099,'0000-00-00',1,1,1,'0000-00-00 00:00:00','0000-00-00 00:00:00',0,2,0,0,1),(336,52,'ROHAUT','THEO VALENTINO',44624293,'0000-00-00',1,1,1,'2016-02-10 00:00:00','0000-00-00 00:00:00',0,2,0,0,1),(337,52,'ROMERO','LEONEL',45386365,'0000-00-00',1,1,0,'0000-00-00 00:00:00','0000-00-00 00:00:00',0,0,0,0,1),(338,52,'ALTAMIRANO','MARÍA CAROLINA',44498824,'0000-00-00',1,1,0,'0000-00-00 00:00:00','0000-00-00 00:00:00',0,0,0,0,1),(339,52,'BENITEZ','NICOLE ANGELES',49793235,'0000-00-00',1,1,1,'0000-00-00 00:00:00','0000-00-00 00:00:00',1,6,0,1,1),(340,52,'RUIZ','BRISA CAROLINA',45756889,'0000-00-00',1,1,1,'0000-00-00 00:00:00','0000-00-00 00:00:00',1,6,0,1,1),(341,53,'AGUIRRE','ESTEFANO ARIEL',43413608,'0000-00-00',1,0,0,'0000-00-00 00:00:00','0000-00-00 00:00:00',0,0,0,0,1),(342,53,'MIÑO','LUCAS ARIEL',44701340,'0000-00-00',1,0,0,'0000-00-00 00:00:00','0000-00-00 00:00:00',0,0,0,0,1),(343,53,'RAMIREZ','ALEXANDER EMMANUEL',43826524,'0000-00-00',1,1,1,'0000-00-00 00:00:00','0000-00-00 00:00:00',1,6,0,1,1),(344,53,'ALMADA','ERICA YOHANNA',44282319,'0000-00-00',1,1,1,'0000-00-00 00:00:00','0000-00-00 00:00:00',1,6,0,1,1),(345,53,'MARTINEZ','KAREN MAGALÍ',44439765,'0000-00-00',1,1,1,'0000-00-00 00:00:00','0000-00-00 00:00:00',0,2,0,0,1),(346,53,'ROMERO','JIMENA AYLÉN',44701259,'0000-00-00',1,1,1,'0000-00-00 00:00:00','0000-00-00 00:00:00',0,2,0,0,1),(347,55,'SALAZAR FERRARI','ENZO GABRIEL',53559800,'0000-00-00',1,1,1,'0000-00-00 00:00:00','0000-00-00 00:00:00',1,6,0,1,1),(348,55,'SCHAFFER','ALESSANDRO DAVID',45554041,'0000-00-00',1,1,1,'0000-00-00 00:00:00','0000-00-00 00:00:00',1,6,0,1,1),(349,56,'BARRIOS','BRANDON MARCELO',43348511,'0000-00-00',1,1,1,'0000-00-00 00:00:00','0000-00-00 00:00:00',1,6,0,1,1),(350,56,'ALVEZ GONZALEZ','NATALI NOEMI',44862535,'0000-00-00',1,1,1,'2016-03-18 00:00:00','0000-00-00 00:00:00',0,2,0,0,1),(351,56,'LUGO','MAGALÍ YAZMIN',43755004,'0000-00-00',1,1,0,'0000-00-00 00:00:00','0000-00-00 00:00:00',0,0,0,0,1),(352,56,'MORAN','PERLA MILAGROS',44282209,'0000-00-00',1,1,1,'0000-00-00 00:00:00','0000-00-00 00:00:00',0,2,0,0,1),(353,57,'GAUNA','JORGE IGNACIO',44624251,'0000-00-00',1,1,1,'0000-00-00 00:00:00','0000-00-00 00:00:00',0,2,0,0,1),(354,57,'RIGONI','YAMILA DAIANA',0,'0000-00-00',1,1,0,'0000-00-00 00:00:00','0000-00-00 00:00:00',0,0,0,0,1),(355,58,'GUY','LAUTARO NAHUEL',45358255,'0000-00-00',1,0,0,'0000-00-00 00:00:00','0000-00-00 00:00:00',0,0,0,0,1),(356,58,'MIÑOS','FEDERICO DAMIÁN',45756558,'0000-00-00',1,1,1,'0000-00-00 00:00:00','0000-00-00 00:00:00',1,1,0,0,1),(357,58,'FLEITAS','CANDELA',44922093,'0000-00-00',1,1,0,'0000-00-00 00:00:00','0000-00-00 00:00:00',0,0,0,0,1),(358,58,'NOIR','BARBARA DENISE',45386541,'0000-00-00',1,1,1,'0000-00-00 00:00:00','0000-00-00 00:00:00',0,2,0,0,1),(359,59,'AGUIRRE','ALAN LEONEL',44980367,'0000-00-00',1,1,1,'0000-00-00 00:00:00','0000-00-00 00:00:00',0,2,0,0,1),(360,59,'CORONEL','BRIAN DAVID',45756586,'0000-00-00',1,0,0,'0000-00-00 00:00:00','0000-00-00 00:00:00',0,0,0,0,1),(361,59,'PEREYRA','MICHAEL AXEL',45167691,'0000-00-00',1,0,0,'0000-00-00 00:00:00','0000-00-00 00:00:00',0,0,0,0,1),(362,59,'ALTAMIRANO','AGUSTINA VANESA',45757455,'0000-00-00',1,1,0,'0000-00-00 00:00:00','0000-00-00 00:00:00',0,0,0,0,1),(363,59,'LOPEZ','MICAELA',45554221,'0000-00-00',1,1,1,'0000-00-00 00:00:00','0000-00-00 00:00:00',0,2,0,0,1),(364,59,'TASÍN','JULIA GABRIELA',45338333,'0000-00-00',1,1,1,'0000-00-00 00:00:00','2013-11-18 00:00:00',1,6,0,1,1),(365,60,'CONRRADO','FRANCO',44981997,'0000-00-00',1,1,1,'0000-00-00 00:00:00','0000-00-00 00:00:00',0,0,0,0,1),(366,60,'PERILLO','ALEX',45338303,'0000-00-00',1,1,0,'0000-00-00 00:00:00','0000-00-00 00:00:00',0,0,0,0,1),(367,60,'VIERA','MARCELO',44498890,'0000-00-00',1,0,0,'0000-00-00 00:00:00','0000-00-00 00:00:00',0,0,0,0,1),(368,60,'BARRETO','MARTINA ',45047832,'0000-00-00',1,1,1,'0000-00-00 00:00:00','2016-11-08 00:00:00',1,6,0,1,1),(369,60,'LARROZA','LUCÍA',45554207,'0000-00-00',1,1,1,'0000-00-00 00:00:00','0000-00-00 00:00:00',1,6,0,1,1),(370,60,'SUBELDIA','JAZMIN',45386257,'0000-00-00',1,0,0,'0000-00-00 00:00:00','0000-00-00 00:00:00',0,0,0,0,1),(371,61,'BENITEZ','MELANIE JUDITH',44820149,'0000-00-00',1,1,1,'2009-01-03 00:00:00','0000-00-00 00:00:00',1,6,0,1,1),(372,61,'GONZALEZ','GUADALUPE BELÉN',44820321,'0000-00-00',1,1,0,'0000-00-00 00:00:00','0000-00-00 00:00:00',0,0,0,0,1),(373,61,'OZUNA','SELENA DAIANA',44862533,'0000-00-00',1,1,1,'2009-12-20 00:00:00','0000-00-00 00:00:00',0,2,0,0,1),(374,61,'SALVATIERRA','LARA',44498930,'0000-00-00',1,1,1,'0000-00-00 00:00:00','0000-00-00 00:00:00',0,0,0,0,1),(375,61,'SANDOVAL','CARLA SOFIA',44981873,'0000-00-00',1,1,1,'0000-00-00 00:00:00','0000-00-00 00:00:00',0,2,0,0,1),(376,61,'VALDEZ','IARA MILAGROS',44439685,'0000-00-00',1,1,1,'0000-00-00 00:00:00','2016-12-28 00:00:00',1,6,0,1,1),(377,62,'RÍOS','ALAN GABRIEL',44556726,'0000-00-00',1,1,1,'0000-00-00 00:00:00','0000-00-00 00:00:00',1,6,0,1,1),(378,62,'RAMAYO','ANA PAULA MALENA',44820052,'0000-00-00',1,1,1,'0000-00-00 00:00:00','0000-00-00 00:00:00',1,6,0,1,1),(379,62,'RONDAN','NADIA SOLEDAD',44498835,'0000-00-00',1,1,1,'0000-00-00 00:00:00','0000-00-00 00:00:00',1,6,0,1,1),(380,64,'DA COSTA','FABRICIO DANIEL',45386574,'0000-00-00',1,1,1,'0000-00-00 00:00:00','0000-00-00 00:00:00',1,6,0,1,1),(381,64,'GRIEVE','AGUSTÍN ANDRÉS',46391030,'0000-00-00',1,1,1,'0000-00-00 00:00:00','0000-00-00 00:00:00',1,6,0,1,1),(382,64,'BELLATI','AGUSTINA LUDMILA',45386349,'0000-00-00',1,1,1,'0000-00-00 00:00:00','0000-00-00 00:00:00',1,6,0,1,1),(383,64,'GIORGIO','MILAGROS ITATÍ',45047899,'0000-00-00',1,1,1,'0000-00-00 00:00:00','0000-00-00 00:00:00',0,1,0,0,1),(384,64,'MAIDANA','NATALIA ABIGAIL',45445377,'0000-00-00',1,1,1,'2009-02-22 00:00:00','0000-00-00 00:00:00',1,6,0,1,1),(385,65,'TORRES','ESTEBAN GABRIEL',45616163,'0000-00-00',1,1,1,'2009-10-10 00:00:00','0000-00-00 00:00:00',1,1,0,0,1),(386,67,'FRANCO','ALEXANDER ISMAR ',44981976,'0000-00-00',1,1,0,'0000-00-00 00:00:00','0000-00-00 00:00:00',0,0,0,0,1),(387,67,'MORINICO','ANTONIO',44556813,'0000-00-00',1,1,0,'0000-00-00 00:00:00','0000-00-00 00:00:00',0,0,0,0,1),(388,67,'GALLO','BRISA LUCILA',44820325,'0000-00-00',1,1,1,'2009-07-13 00:00:00','2016-10-03 00:00:00',0,2,0,0,1),(389,69,'BENITEZ','SANTIAGO NICOLÁS',44981927,'0000-00-00',1,0,0,'0000-00-00 00:00:00','0000-00-00 00:00:00',0,0,0,0,1),(390,69,'GAIGA','BENJAMÍN',45389033,'0000-00-00',1,0,0,'0000-00-00 00:00:00','0000-00-00 00:00:00',0,0,0,0,1),(391,69,'CABRAL','PRISCILA YAZMÍN',45386576,'0000-00-00',1,0,0,'0000-00-00 00:00:00','0000-00-00 00:00:00',0,0,0,0,1),(392,69,'GONZALEZ SAMELA','PAULA ABIGAIL',45474075,'0000-00-00',1,1,1,'0000-00-00 00:00:00','0000-00-00 00:00:00',1,6,0,1,1),(393,69,'VALÍN','MELISA SERENA',45386547,'0000-00-00',1,0,1,'0000-00-00 00:00:00','0000-00-00 00:00:00',1,6,0,1,1),(394,70,'CAÑETE','LÁZARO',44875890,'0000-00-00',1,1,0,'0000-00-00 00:00:00','0000-00-00 00:00:00',0,0,0,0,1),(395,70,'MENDOZA LEIVA','GONZALO',45040154,'0000-00-00',1,0,0,'0000-00-00 00:00:00','0000-00-00 00:00:00',0,0,0,0,1),(396,70,'ORTÍZ','OSVALDO RAÚL',45749356,'0000-00-00',1,0,0,'0000-00-00 00:00:00','0000-00-00 00:00:00',0,0,0,0,1),(397,70,'AIDES DIRIE','ADHARA SOFIA',45016154,'0000-00-00',1,0,0,'0000-00-00 00:00:00','0000-00-00 00:00:00',0,0,0,0,1),(398,70,'TROSTDORF','MILAGROS',44980373,'0000-00-00',1,0,0,'0000-00-00 00:00:00','0000-00-00 00:00:00',0,0,0,0,1),(399,71,'PASTORINI','RAMIRO LUCIANO',44498807,'0000-00-00',1,1,1,'0000-00-00 00:00:00','0000-00-00 00:00:00',0,2,0,0,1),(400,71,'PEREYRA','ROBERTO ALCIDES',44624284,'0000-00-00',1,1,0,'0000-00-00 00:00:00','0000-00-00 00:00:00',0,0,0,0,1),(401,71,'ROSALES','ELÍAS TOMÁS',44763879,'0000-00-00',1,1,1,'2010-07-01 00:00:00','0000-00-00 00:00:00',0,2,0,0,1),(402,71,'TABORDA','SANTIAGO MARTÍN',44735317,'0000-00-00',1,0,0,'0000-00-00 00:00:00','0000-00-00 00:00:00',0,0,0,0,1),(403,71,'VALLEJOS','ELIÁN RODRIGO',44439623,'0000-00-00',1,1,1,'0000-00-00 00:00:00','0000-00-00 00:00:00',0,0,0,0,1),(404,71,'APEZTEGUÍA','GIULIANA DANIELA',44441242,'0000-00-00',1,1,1,'0000-00-00 00:00:00','0000-00-00 00:00:00',0,2,0,0,1),(405,71,'JAURENA','IRINA ABIGAIL',44282219,'0000-00-00',1,1,1,'0000-00-00 00:00:00','0000-00-00 00:00:00',1,6,0,1,1),(406,71,'MERCADO FERNANDEZ','MARÍA JOSÉ',44498866,'0000-00-00',1,0,1,'0000-00-00 00:00:00','0000-00-00 00:00:00',0,2,0,0,1),(407,71,'PASSARELLA','FATIMA GISELA',45047982,'0000-00-00',1,1,1,'0000-00-00 00:00:00','0000-00-00 00:00:00',0,0,0,0,1),(408,71,'ROSATTO','MAIRA SOFÍA',44623973,'0000-00-00',1,0,0,'0000-00-00 00:00:00','0000-00-00 00:00:00',0,0,0,0,1),(409,71,'SUAREZ','AVRIL MARIANGEL',44763989,'0000-00-00',1,0,0,'0000-00-00 00:00:00','0000-00-00 00:00:00',0,0,0,0,1),(410,72,'CÁCERES','ERNESTO VALENTÍN',44820298,'0000-00-00',1,1,0,'0000-00-00 00:00:00','0000-00-00 00:00:00',0,0,0,0,1),(411,72,'DE AZEVEDO','RODRIGO ISAÍAS',44624154,'0000-00-00',1,0,0,'0000-00-00 00:00:00','0000-00-00 00:00:00',0,0,0,0,1),(412,72,'DEBUS','MAXIMILIANO JAVIER',44820024,'0000-00-00',1,0,0,'0000-00-00 00:00:00','0000-00-00 00:00:00',0,0,0,0,1),(413,72,'IZAGUIRRE','TOBÍAS EMMANUEL',44441214,'0000-00-00',1,1,1,'0000-00-00 00:00:00','0000-00-00 00:00:00',0,2,0,0,1),(414,72,'VERA','ANGEL DAVID',44862685,'0000-00-00',1,0,1,'0000-00-00 00:00:00','0000-00-00 00:00:00',1,6,0,1,1),(415,72,'CASAÑAS ','MICAELA ARACELI',44439566,'0000-00-00',1,0,0,'0000-00-00 00:00:00','0000-00-00 00:00:00',0,0,0,0,1),(416,72,'CORONEL','JULIETA CAROLINA',44980365,'0000-00-00',1,0,0,'0000-00-00 00:00:00','0000-00-00 00:00:00',0,0,0,0,1),(417,72,'FRÍAS','VERÓNICA NOEMI',44820007,'0000-00-00',1,1,1,'0000-00-00 00:00:00','0000-00-00 00:00:00',0,2,0,0,1),(418,72,'IZAGUIRRE','SOLANGE ALEJANDRA',44439746,'0000-00-00',1,0,0,'0000-00-00 00:00:00','0000-00-00 00:00:00',0,0,0,0,1),(419,72,'PETRUZZI','MARÍA JOSÉ',44439648,'0000-00-00',1,0,0,'0000-00-00 00:00:00','0000-00-00 00:00:00',0,0,0,0,1),(420,72,'RAMOS','ROCÍO CAROLINA',44441237,'0000-00-00',1,0,1,'0000-00-00 00:00:00','0000-00-00 00:00:00',0,2,0,0,1),(421,72,'SILVA','DAIANA AYELÉN',44624177,'0000-00-00',1,0,1,'0000-00-00 00:00:00','0000-00-00 00:00:00',0,2,0,0,1),(422,73,'BENGOA','TABARÉ',44763888,'0000-00-00',1,1,1,'0000-00-00 00:00:00','0000-00-00 00:00:00',1,1,0,0,1),(423,73,'DUARTE','GUSTAVO ARIEL',44701106,'0000-00-00',1,1,0,'0000-00-00 00:00:00','0000-00-00 00:00:00',0,0,0,0,1),(424,73,'GERLONI','FABRICIO DAVID',46708460,'0000-00-00',1,1,1,'2010-06-00 00:00:00','0000-00-00 00:00:00',0,2,0,0,1),(425,73,'LEDESMA','FRANCO SANTIAGO',44820018,'0000-00-00',1,1,1,'0000-00-00 00:00:00','0000-00-00 00:00:00',1,6,0,1,1),(426,73,'PONTNAU','MATHÍAS AGUSTÍN',44820106,'0000-00-00',1,0,0,'0000-00-00 00:00:00','0000-00-00 00:00:00',0,0,0,0,1),(427,73,'ROJAS','LUCAS RAFAEL',44922048,'0000-00-00',1,1,1,'0000-00-00 00:00:00','0000-00-00 00:00:00',0,2,0,0,1),(428,73,'SEGOVIA','JEUEL ELEAZAR',44701392,'0000-00-00',1,0,0,'0000-00-00 00:00:00','0000-00-00 00:00:00',0,0,0,0,1),(429,73,'ALMADA','MILAGROS',44763863,'0000-00-00',1,1,0,'0000-00-00 00:00:00','0000-00-00 00:00:00',0,0,0,0,1),(430,73,'ARAUJO','LUCÍA GABRIELA',44441342,'0000-00-00',1,1,1,'0000-00-00 00:00:00','0000-00-00 00:00:00',0,2,0,0,1),(431,73,'ECHEVERRÍA','KARLA SOFÍA',44556742,'0000-00-00',1,1,0,'0000-00-00 00:00:00','0000-00-00 00:00:00',0,0,0,0,1),(432,73,'MEDINA','AZUL MICAELA',44981950,'0000-00-00',1,1,1,'0000-00-00 00:00:00','0000-00-00 00:00:00',1,6,0,1,1),(433,73,'ZILLONI','AGOSTINA',44820103,'0000-00-00',1,1,0,'0000-00-00 00:00:00','0000-00-00 00:00:00',0,0,0,0,1),(434,74,'SEGOVIA','DIANA',0,'0000-00-00',1,0,0,'0000-00-00 00:00:00','0000-00-00 00:00:00',0,0,0,0,1),(435,74,'KOBAR','JUAN RICARDO',0,'0000-00-00',1,0,0,'0000-00-00 00:00:00','0000-00-00 00:00:00',0,0,0,0,1),(436,97,'BENITEZ','AXEL VALENTÍN',46392119,'0000-00-00',1,1,0,'0000-00-00 00:00:00','0000-00-00 00:00:00',0,0,0,0,1),(437,97,'CABRERA','ELISA ALEJANDRA',44624160,'0000-00-00',1,1,1,'0000-00-00 00:00:00','0000-00-00 00:00:00',0,2,0,0,1),(438,97,'POMINA','MAILÉN ROMINA',46151037,'0000-00-00',1,1,0,'0000-00-00 00:00:00','0000-00-00 00:00:00',0,0,0,0,1),(439,97,'TORALES','ESPERANZA',46519614,'0000-00-00',1,0,0,'0000-00-00 00:00:00','0000-00-00 00:00:00',0,0,0,0,1),(440,97,'FERREIRA','MICAELA ROCIO',50183647,'0000-00-00',1,1,1,'0000-00-00 00:00:00','0000-00-00 00:00:00',1,1,0,0,1),(441,98,'PEREYRA','CELESTE MARIA DEL MAR',50748729,'0000-00-00',1,1,1,'0000-00-00 00:00:00','0000-00-00 00:00:00',0,2,0,0,1),(442,98,'ALMADA','MARIO ALEJANDRO',44282282,'0000-00-00',1,1,1,'0000-00-00 00:00:00','0000-00-00 00:00:00',1,6,0,1,1),(443,98,'MAIDANA','SEBASTIÁN HORACIO',43348480,'0000-00-00',1,0,0,'0000-00-00 00:00:00','0000-00-00 00:00:00',0,0,0,0,1),(444,98,'MARTINEZ','AGUSTÍN ALBERTO',44103737,'0000-00-00',1,0,0,'0000-00-00 00:00:00','0000-00-00 00:00:00',0,6,0,0,1),(445,98,'ZARATE','JESÚS NAZARENO',43483013,'0000-00-00',1,1,0,'0000-00-00 00:00:00','0000-00-00 00:00:00',0,0,0,0,1),(446,98,'PEREYRA','ROCÍO',50748728,'0000-00-00',1,1,1,'0000-00-00 00:00:00','0000-00-00 00:00:00',0,2,0,0,1),(447,99,'GONZALEZ','JUAN GABRIEL',46974507,'0000-00-00',1,1,1,'0000-00-00 00:00:00','0000-00-00 00:00:00',0,2,0,0,1),(448,99,'MAIDANA','ISAAC LEANDRO',42850812,'0000-00-00',1,0,0,'0000-00-00 00:00:00','0000-00-00 00:00:00',0,0,0,0,1),(449,99,'NAVARRO','HUGO ALEJANDRO',44701287,'0000-00-00',1,1,1,'0000-00-00 00:00:00','0000-00-00 00:00:00',0,2,0,0,1),(450,99,'QUIROZ','ARIEL ALÍ',44103501,'0000-00-00',1,1,1,'0000-00-00 00:00:00','0000-00-00 00:00:00',0,2,0,0,1),(451,99,'GONZALEZ','LUCÍA PATRICIA',44439742,'0000-00-00',1,1,1,'0000-00-00 00:00:00','0000-00-00 00:00:00',0,2,0,0,1),(452,99,'MAIDANA','CINTIA YASMÍN',44421161,'0000-00-00',1,1,1,'0000-00-00 00:00:00','0000-00-00 00:00:00',0,2,0,0,1),(453,99,'FIGUEREDO','DIANA',0,'0000-00-00',1,1,1,'0000-00-00 00:00:00','0000-00-00 00:00:00',0,2,0,0,1),(454,89,'ALVES DOS SANTOS','CARLOS URIEL',45616008,'0000-00-00',1,1,0,'0000-00-00 00:00:00','0000-00-00 00:00:00',0,0,0,0,1),(455,89,'MENDOZA','GONZALO MAXIMILIANO',45616247,'0000-00-00',1,0,0,'0000-00-00 00:00:00','0000-00-00 00:00:00',0,0,0,0,1),(456,89,'SAUCEDO','VALENTINA ITATÍ',45554219,'0000-00-00',1,0,0,'0000-00-00 00:00:00','0000-00-00 00:00:00',0,0,0,0,1),(457,89,'SOTO','CHIARA SOFÍA',45554073,'0000-00-00',1,1,0,'0000-00-00 00:00:00','0000-00-00 00:00:00',0,0,0,0,1),(458,89,'WEISS','MICAELA',45168529,'0000-00-00',1,0,0,'0000-00-00 00:00:00','0000-00-00 00:00:00',0,0,0,0,1),(459,90,'BENITEZ','LEANDRO AGUSTÍN',45168534,'0000-00-00',1,0,0,'0000-00-00 00:00:00','0000-00-00 00:00:00',0,0,0,0,1),(460,90,'PEREZ','LUCIANO AGUSTÍN',45047932,'0000-00-00',1,0,0,'0000-00-00 00:00:00','0000-00-00 00:00:00',0,0,0,0,1),(461,90,'VILLALBA','LUCAS NADIR',45386595,'0000-00-00',1,0,0,'0000-00-00 00:00:00','0000-00-00 00:00:00',0,0,0,0,1),(462,90,'BELINGHERI','DELFINA',45389142,'0000-00-00',1,1,1,'0000-00-00 00:00:00','0000-00-00 00:00:00',1,6,0,1,1),(463,90,'ELORDI','CONSTANZA',45386211,'0000-00-00',1,0,0,'0000-00-00 00:00:00','0000-00-00 00:00:00',0,0,0,0,1),(464,90,'FERNANDEZ','BRISA CANDELA',45386231,'0000-00-00',1,0,0,'0000-00-00 00:00:00','0000-00-00 00:00:00',0,0,0,0,1),(465,90,'HUERTA','NADIA',45616053,'0000-00-00',1,0,0,'0000-00-00 00:00:00','0000-00-00 00:00:00',0,0,0,0,1),(466,91,'BALDASSARI','BRUNO NICOLÁS',43826625,'0000-00-00',1,1,1,'0000-00-00 00:00:00','0000-00-00 00:00:00',1,6,0,1,1),(467,91,'GUY','ELVIO EZEQUIEL',45168596,'0000-00-00',1,1,1,'0000-00-00 00:00:00','0000-00-00 00:00:00',1,6,0,1,1),(468,91,'FLORES','ROCIO ABIGAIL',44980377,'0000-00-00',1,1,1,'2010-12-09 00:00:00','0000-00-00 00:00:00',0,2,0,0,1),(469,91,'GOMEZ','MARIANA ANGÉLICA',45167519,'0000-00-00',1,0,0,'0000-00-00 00:00:00','0000-00-00 00:00:00',0,0,0,0,1),(470,92,'ZILONI','JUAN IGNACIO',44623970,'0000-00-00',1,1,1,'2010-08-07 00:00:00','0000-00-00 00:00:00',0,2,0,0,1),(471,92,'CABAÑA','ADRIANA',44624179,'0000-00-00',1,0,0,'0000-00-00 00:00:00','0000-00-00 00:00:00',0,0,0,0,1),(472,92,'COTELLESSA ROH','MELINA',44520566,'0000-00-00',1,1,0,'0000-00-00 00:00:00','0000-00-00 00:00:00',0,0,0,0,1),(473,92,'DIRIE','NICOLE AILÉN ',44820118,'0000-00-00',1,0,0,'0000-00-00 00:00:00','0000-00-00 00:00:00',0,0,0,0,1),(474,92,'GODOY','LUCIA ANABEL',44439776,'0000-00-00',1,1,0,'0000-00-00 00:00:00','0000-00-00 00:00:00',0,0,0,0,1),(475,92,'SCATTONE MOULINS','DOLORES',44624029,'0000-00-00',1,0,0,'0000-00-00 00:00:00','0000-00-00 00:00:00',0,0,0,0,1),(476,93,'CORBELLA','MATÍAS',0,'0000-00-00',1,0,0,'0000-00-00 00:00:00','0000-00-00 00:00:00',0,0,0,0,1),(477,93,'RIVERO','MAURICIO',0,'0000-00-00',1,0,0,'0000-00-00 00:00:00','0000-00-00 00:00:00',0,0,0,0,1),(478,93,'BENITEZ','MICAELA',0,'0000-00-00',1,0,1,'0000-00-00 00:00:00','0000-00-00 00:00:00',1,6,0,1,1),(479,93,'BRAGA','CANDELARIA',0,'0000-00-00',1,0,1,'0000-00-00 00:00:00','0000-00-00 00:00:00',1,6,0,1,1),(480,93,'ZARAGOZA','ANTONELLA',0,'0000-00-00',1,0,0,'0000-00-00 00:00:00','0000-00-00 00:00:00',0,0,0,0,1),(481,94,'DALLATESSE','HÉCTOR LAUTARO',44210548,'0000-00-00',1,0,0,'0000-00-00 00:00:00','0000-00-00 00:00:00',0,0,0,0,1),(482,94,'DUARTE','ENZO ANDRÉS',44210396,'0000-00-00',1,0,0,'0000-00-00 00:00:00','0000-00-00 00:00:00',0,0,0,0,1),(483,94,'PERDOMO','LUCAS MAXIMILIANO',44556861,'0000-00-00',1,0,0,'0000-00-00 00:00:00','0000-00-00 00:00:00',0,0,0,0,1),(484,94,'SAPORITO','OMAR ARIEL',44701079,'0000-00-00',1,0,0,'0000-00-00 00:00:00','0000-00-00 00:00:00',0,0,0,0,1),(485,94,'FLORES GODOY','AGUSTINA',43935598,'0000-00-00',1,0,0,'0000-00-00 00:00:00','0000-00-00 00:00:00',0,0,0,0,1),(486,94,'PONCE','MARILINA AILÉN',44498992,'0000-00-00',1,0,0,'0000-00-00 00:00:00','0000-00-00 00:00:00',0,0,0,0,1),(487,169,'CARBALLO','ALAN AGUSTIN',44820036,'0000-00-00',1,1,0,'0000-00-00 00:00:00','0000-00-00 00:00:00',0,0,0,0,1),(488,169,'FERNANDEZ','NATHALIE MAILÉN',44439770,'0000-00-00',1,1,1,'0000-00-00 00:00:00','0000-00-00 00:00:00',1,6,0,1,1),(489,169,'RETTORI','ANTONELLA',44734750,'0000-00-00',1,1,0,'0000-00-00 00:00:00','0000-00-00 00:00:00',0,0,0,0,1),(490,166,'CIROLER','ANTONELLA',45756997,'0000-00-00',1,0,0,'0000-00-00 00:00:00','0000-00-00 00:00:00',0,0,0,0,1),(491,166,'MENTEGUIAGA','MAGALI',44980355,'0000-00-00',1,1,1,'0000-00-00 00:00:00','0000-00-00 00:00:00',1,6,0,1,1),(492,166,'MARTINEZ','SHEILA LEONELA',45756826,'0000-00-00',1,1,1,'0000-00-00 00:00:00','0000-00-00 00:00:00',1,6,0,1,1),(493,165,'TENERANI','ROBERTO',44980370,'0000-00-00',1,0,0,'0000-00-00 00:00:00','0000-00-00 00:00:00',0,0,0,0,1),(494,165,'RAMINGER','AGUSTIN',44734190,'0000-00-00',1,1,1,'0000-00-00 00:00:00','2018-01-21 00:00:00',0,2,0,0,1),(495,165,'MALLERET','ANTONELLA',46250339,'0000-00-00',1,0,0,'0000-00-00 00:00:00','0000-00-00 00:00:00',0,0,0,0,1),(496,165,'VILLALVA','TOMAS',45386269,'0000-00-00',1,1,1,'0000-00-00 00:00:00','2018-01-14 00:00:00',0,2,0,0,1),(497,167,'CASTRO','BENJAMIN',45757468,'0000-00-00',1,1,0,'0000-00-00 00:00:00','0000-00-00 00:00:00',0,0,0,0,1),(498,167,'MENDOZA','YAMILA ARACELI',45756679,'0000-00-00',1,1,1,'0000-00-00 00:00:00','0000-00-00 00:00:00',1,6,0,1,1),(499,3,'GOMEZ','MAXIMO ROMAN',45948010,'0000-00-00',1,1,0,'0000-00-00 00:00:00','0000-00-00 00:00:00',0,0,0,0,1),(500,3,'LUCERO','ANTONIO NICOLAS',46603395,'0000-00-00',1,1,0,'0000-00-00 00:00:00','0000-00-00 00:00:00',0,0,0,0,1),(501,3,'MIÑO','JOEL',45847293,'0000-00-00',1,1,1,'0000-00-00 00:00:00','0000-00-00 00:00:00',0,2,0,0,1),(502,3,'VARGAS','ROCIO MACARENA',46603248,'0000-00-00',1,0,0,'0000-00-00 00:00:00','0000-00-00 00:00:00',0,0,0,0,1),(503,4,'FERNANDEZ','ANDRES EUSEBIO',46519629,'0000-00-00',1,1,0,'0000-00-00 00:00:00','0000-00-00 00:00:00',0,0,0,0,1),(504,4,'GONZALEZ','LUCAS EZEQUIEL',45947920,'0000-00-00',1,0,0,'0000-00-00 00:00:00','0000-00-00 00:00:00',0,0,0,0,1),(505,4,'ROMERO','TANIA IARA',46519567,'0000-00-00',1,1,1,'0000-00-00 00:00:00','0000-00-00 00:00:00',0,2,0,0,1),(506,5,'ACEVEDO','RODRIGO',45948019,'0000-00-00',1,0,0,'0000-00-00 00:00:00','0000-00-00 00:00:00',0,0,0,0,1),(507,5,'PEREIRA CARRO','DIEGO MARTIN',45616037,'0000-00-00',1,1,1,'0000-00-00 00:00:00','0000-00-00 00:00:00',0,2,0,0,1),(508,5,'SOTELO','BRANDON ALESSANDRO',45554132,'0000-00-00',1,1,1,'2011-04-28 00:00:00','0000-00-00 00:00:00',1,6,0,1,1),(509,5,'TALLONE','SANTIAGO',44439588,'0000-00-00',1,1,1,'0000-00-00 00:00:00','0000-00-00 00:00:00',1,6,0,1,1),(510,5,'ARELLANO ','CELESTE JAQUELINE',45386585,'0000-00-00',1,1,1,'0000-00-00 00:00:00','0000-00-00 00:00:00',1,6,0,1,1),(511,5,'CACERES','NICOLE PATRICIA',45756581,'0000-00-00',1,1,1,'0000-00-00 00:00:00','0000-00-00 00:00:00',0,2,0,0,1),(512,5,'MONCHETTI','ORIANA ITATI',45338258,'0000-00-00',1,1,1,'0000-00-00 00:00:00','0000-00-00 00:00:00',1,1,0,0,1),(513,5,'TABORDA','TATIANA SORAYA',44869665,'0000-00-00',1,1,0,'0000-00-00 00:00:00','0000-00-00 00:00:00',0,0,0,0,1),(514,6,'GUTIERREZ','CESAR ANTONIO',45386551,'0000-00-00',1,1,1,'0000-00-00 00:00:00','0000-00-00 00:00:00',1,6,0,1,1),(515,6,'MARTINEZ','ANTONIO',45167663,'0000-00-00',1,1,1,'0000-00-00 00:00:00','0000-00-00 00:00:00',0,2,0,0,1),(516,6,'NOGUERA','ROMAN ALBERTO',45047907,'0000-00-00',1,1,1,'0000-00-00 00:00:00','0000-00-00 00:00:00',0,2,0,0,1),(517,7,'MARQUEZ','PABLO GABRIEL',44103521,'0000-00-00',1,0,1,'0000-00-00 00:00:00','2018-01-00 00:00:00',1,6,0,1,1),(518,7,'MAIDANA','IARA ABIGAIL',44556774,'0000-00-00',1,0,1,'0000-00-00 00:00:00','0000-00-00 00:00:00',0,2,0,0,1),(519,7,'ORMAECHEA','VALENTINA PAULA',44210510,'0000-00-00',1,0,1,'0000-00-00 00:00:00','0000-00-00 00:00:00',1,6,0,1,1),(520,8,'ALFONSO','MARCOS NATANAEL',44498896,'0000-00-00',1,1,1,'0000-00-00 00:00:00','0000-00-00 00:00:00',0,2,0,0,1),(521,8,'MIÑO','MICHAEL FACUNDO DANIEL',44441332,'0000-00-00',1,1,1,'0000-00-00 00:00:00','2018-00-24 00:00:00',1,6,0,1,1),(522,8,'ZACARIAS','MAURICIO AGUSTIN',43826712,'0000-00-00',1,1,1,'2011-06-07 00:00:00','0000-00-00 00:00:00',0,2,0,0,1),(523,8,'NIZ','JAQUELINE ESTEFANIA',44439894,'0000-00-00',1,1,0,'0000-00-00 00:00:00','0000-00-00 00:00:00',0,0,0,0,1),(524,8,'PELNADINO','AILIN GIULIANA YAEL',44439592,'0000-00-00',1,1,0,'0000-00-00 00:00:00','0000-00-00 00:00:00',0,0,0,0,1),(525,9,'BONASOLA','MARCELO JAVIER',47177557,'0000-00-00',1,1,1,'0000-00-00 00:00:00','0000-00-00 00:00:00',0,2,0,0,1),(526,9,'DUARTE','WALTER',44498838,'0000-00-00',1,1,1,'0000-00-00 00:00:00','0000-00-00 00:00:00',0,2,0,0,1),(527,9,'KUHN ','JUAN RAMON',44439844,'0000-00-00',1,1,1,'0000-00-00 00:00:00','0000-00-00 00:00:00',1,6,0,1,1),(528,9,'LLAMA','MARCO JAVIER',43755032,'0000-00-00',1,1,1,'0000-00-00 00:00:00','0000-00-00 00:00:00',0,2,0,0,1),(529,9,'LUCERO','ESTHER',44820058,'0000-00-00',1,1,1,'0000-00-00 00:00:00','0000-00-00 00:00:00',1,6,0,1,1),(530,9,'TORRES','MARIA LUJAN',44862603,'0000-00-00',1,1,1,'0000-00-00 00:00:00','0000-00-00 00:00:00',0,2,0,0,1),(531,10,'BIERA','PABLO JOSUE ELEAZAR',46249512,'0000-00-00',1,1,1,'0000-00-00 00:00:00','0000-00-00 00:00:00',0,2,0,0,1),(532,11,'LOGGIO','LISANDRO EXEQUIEL',48201267,'0000-00-00',1,1,1,'0000-00-00 00:00:00','2018-01-08 00:00:00',1,6,0,1,1),(533,11,'RIVERO','GERMAN ALEJANDRO',46519628,'0000-00-00',1,0,0,'0000-00-00 00:00:00','0000-00-00 00:00:00',0,0,0,0,1),(534,11,'MARTINEZ','YULIANA AYELEN',45947816,'0000-00-00',1,0,0,'0000-00-00 00:00:00','0000-00-00 00:00:00',0,0,0,0,1),(535,12,'QUINTANA','GONZALO ROMAN',44981912,'0000-00-00',1,0,0,'0000-00-00 00:00:00','0000-00-00 00:00:00',0,0,0,0,1),(536,12,'ORTIZ','CARLA MELINA',45756599,'0000-00-00',1,1,0,'0000-00-00 00:00:00','0000-00-00 00:00:00',0,0,0,0,1),(537,12,'OVIEDO ','ERICA RAQUEL',45554172,'0000-00-00',1,1,1,'0000-00-00 00:00:00','0000-00-00 00:00:00',0,2,0,0,1),(538,13,'BENITEZ','MELINA AILEN',45617356,'0000-00-00',1,1,1,'0000-00-00 00:00:00','0000-00-00 00:00:00',0,2,0,0,1),(539,14,'GONZALEZ','ANAHI NOEMI',44820332,'0000-00-00',1,0,0,'0000-00-00 00:00:00','0000-00-00 00:00:00',0,0,0,0,1),(540,15,'KOBAR','JUAN RICARDO',44820230,'0000-00-00',1,1,1,'0000-00-00 00:00:00','0000-00-00 00:00:00',0,2,0,0,1),(541,15,'LUNAS','EMANUEL ALCIDES',448202005,'0000-00-00',1,1,0,'0000-00-00 00:00:00','0000-00-00 00:00:00',0,0,0,0,1),(542,15,'GOMEZ','PRISCILA NOEMI',45554024,'0000-00-00',1,1,0,'0000-00-00 00:00:00','0000-00-00 00:00:00',0,0,0,0,1),(543,15,'GONZALEZ','NANCY NOEMI',44624203,'0000-00-00',1,1,1,'2011-08-26 00:00:00','0000-00-00 00:00:00',0,2,0,0,1),(544,15,'SEGOVIA','DIANA LEILA',44981846,'0000-00-00',1,1,0,'0000-00-00 00:00:00','0000-00-00 00:00:00',0,0,0,0,1),(545,16,'RIVERO','DAMIAN ALEJANDRO',47980240,'0000-00-00',1,0,0,'0000-00-00 00:00:00','0000-00-00 00:00:00',0,0,0,0,1),(546,17,'LASSO','FACUNDO LIONEL',46392183,'0000-00-00',1,1,1,'0000-00-00 00:00:00','0000-00-00 00:00:00',0,0,0,0,1),(547,18,'BORDON','JORGE EMANUEL',46392168,'0000-00-00',1,1,0,'0000-00-00 00:00:00','0000-00-00 00:00:00',0,0,0,0,1),(548,18,'MENDOZA','RAMIRO NAHUEL',46392105,'0000-00-00',1,1,1,'0000-00-00 00:00:00','0000-00-00 00:00:00',0,2,0,0,1),(549,19,'PETRUZZI','CRISTIAN ALBERTO',44210098,'0000-00-00',1,1,1,'0000-00-00 00:00:00','0000-00-00 00:00:00',1,6,0,1,1),(550,21,'ALANIS','MILAGROS PILAR',0,'0000-00-00',1,1,1,'0000-00-00 00:00:00','0000-00-00 00:00:00',0,2,0,0,1),(551,22,'ALMADA','GERMAN EMANUEL',0,'0000-00-00',1,1,0,'0000-00-00 00:00:00','0000-00-00 00:00:00',0,0,0,0,1),(552,178,'ACOSTA','TATIANA',47410115,'0000-00-00',1,1,0,'0000-00-00 00:00:00','0000-00-00 00:00:00',0,0,0,0,1),(553,178,'LOPEZ','LUCRECIA',44763984,'0000-00-00',1,1,0,'0000-00-00 00:00:00','0000-00-00 00:00:00',0,5,0,0,1),(554,102,'CARABAJAL','JOAN BENJAMIN',45557948,'0000-00-00',1,1,1,'0000-00-00 00:00:00','0000-00-00 00:00:00',0,2,0,0,1),(555,105,'RAMIREZ','GABRIEL ALEJANDRO',0,'0000-00-00',1,1,1,'0000-00-00 00:00:00','0000-00-00 00:00:00',0,2,0,0,1),(556,106,'BRITEZ','LUDMILA TAMARA',44172056,'0000-00-00',1,1,1,'0000-00-00 00:00:00','0000-00-00 00:00:00',0,0,0,0,1),(557,103,'CASTILLO','SOFIA',44035053,'0000-00-00',1,0,0,'0000-00-00 00:00:00','0000-00-00 00:00:00',0,0,0,0,1),(558,171,'BARRIENTOS','CRISTIAN DARIO',46519612,'0000-00-00',1,1,1,'0000-00-00 00:00:00','0000-00-00 00:00:00',0,2,0,0,1),(559,171,'QUIROZ','AXEL URIEL',46250384,'0000-00-00',1,1,1,'0000-00-00 00:00:00','0000-00-00 00:00:00',0,2,0,0,1),(560,171,'ROSSKAM','TOBÍAS ESEQUIEL',46250442,'0000-00-00',1,1,1,'0000-00-00 00:00:00','0000-00-00 00:00:00',0,2,0,0,1),(561,171,'EYMANN','LUJAN',45757486,'0000-00-00',1,1,1,'2011-05-02 00:00:00','0000-00-00 00:00:00',0,1,0,0,1),(562,171,'GIMENEZ','GABRIELA GUADALUPE',46081876,'0000-00-00',1,1,1,'0000-00-00 00:00:00','0000-00-00 00:00:00',1,6,0,1,1),(563,171,'MESA','LUDMILA NICOLE',46466284,'0000-00-00',1,1,1,'0000-00-00 00:00:00','0000-00-00 00:00:00',0,2,0,0,1),(564,172,'MOREYRA','GIULIANA ANTONELLA',46519812,'0000-00-00',1,1,1,'0000-00-00 00:00:00','0000-00-00 00:00:00',1,1,0,0,1),(565,173,'STELE','VALERIA',45554213,'0000-00-00',1,0,0,'0000-00-00 00:00:00','0000-00-00 00:00:00',0,0,0,0,1),(566,175,'BARROSO','JUAN PABLO',44441298,'0000-00-00',1,1,1,'0000-00-00 00:00:00','0000-00-00 00:00:00',1,6,0,1,1),(567,176,'MARTINEZ','LUISINA MARIA',44734777,'0000-00-00',1,1,0,'0000-00-00 00:00:00','0000-00-00 00:00:00',0,0,0,0,1),(568,130,'DEBONA','LUCIANO A.',46249566,'0000-00-00',1,1,0,'0000-00-00 00:00:00','0000-00-00 00:00:00',0,0,0,0,1),(569,130,'FLORES','VALENTINA',46082778,'0000-00-00',1,1,1,'0000-00-00 00:00:00','0000-00-00 00:00:00',0,2,0,0,1),(570,131,'BENTOS','GUSTAVO GABRIEL',45759063,'0000-00-00',1,1,1,'2009-08-03 00:00:00','0000-00-00 00:00:00',1,6,0,1,1),(571,131,'GODOY','EMILIANO',45947991,'0000-00-00',1,1,1,'0000-00-00 00:00:00','0000-00-00 00:00:00',1,6,0,1,1),(572,131,'LOPEZ ','MATEO',45756716,'0000-00-00',1,1,1,'2009-09-23 00:00:00','0000-00-00 00:00:00',1,6,0,1,1),(573,131,'ROMERO VERSALLI','BRIAN TOMAS',46675184,'0000-00-00',1,1,1,'0000-00-00 00:00:00','0000-00-00 00:00:00',0,2,0,0,1),(574,131,'SOSA ','EMANUEL',46392998,'0000-00-00',1,1,1,'2009-06-22 00:00:00','2013-11-28 00:00:00',0,2,0,0,1),(575,131,'BENITEZ','CAMILA',46082782,'0000-00-00',1,1,0,'0000-00-00 00:00:00','0000-00-00 00:00:00',0,0,0,0,1),(576,131,'BENTOS','DANA MICAELA',46392907,'0000-00-00',1,1,1,'0000-00-00 00:00:00','0000-00-00 00:00:00',0,2,0,0,1),(577,131,'CANDIA','CANDELA YASMIN',46519637,'0000-00-00',1,1,1,'0000-00-00 00:00:00','0000-00-00 00:00:00',1,6,0,1,1),(578,131,'COSTEN',' SHEILA ITATI',45947634,'0000-00-00',1,1,1,'0000-00-00 00:00:00','0000-00-00 00:00:00',0,2,0,0,1),(579,131,'ENRIQUE','AVRIL',46391854,'0000-00-00',1,1,1,'0000-00-00 00:00:00','0000-00-00 00:00:00',0,2,0,0,1),(580,131,'MENDIETA','SOLANGE VICTORIA ABIGAIL',46249166,'0000-00-00',1,1,1,'0000-00-00 00:00:00','0000-00-00 00:00:00',0,2,0,0,1),(581,139,'RIVERO','EMILY MARICEL',46675157,'0000-00-00',1,1,1,'0000-00-00 00:00:00','0000-00-00 00:00:00',0,2,0,0,1),(582,132,'ULIAMBRE','ANGEL ELIAS',45758651,'0000-00-00',1,0,0,'0000-00-00 00:00:00','0000-00-00 00:00:00',0,0,0,0,1),(583,132,'MORENO','ANA GUADALUPE',45167032,'0000-00-00',1,1,1,'0000-00-00 00:00:00','0000-00-00 00:00:00',1,6,0,1,1),(584,133,'CHEBESTE','BRUNO ANDRES',45758629,'0000-00-00',1,1,1,'2009-09-01 00:00:00','0000-00-00 00:00:00',0,2,0,0,1),(585,133,'GOMEZ','ANGEL GASPAR',45167572,'0000-00-00',1,1,1,'0000-00-00 00:00:00','0000-00-00 00:00:00',0,2,0,0,1),(586,133,'HERDT SALGUEIRO','ADRIAN',45386420,'0000-00-00',1,1,1,'0000-00-00 00:00:00','0000-00-00 00:00:00',1,6,0,1,1),(587,133,'NUÑEZ','LEANDRO ROMAN',45758675,'0000-00-00',1,1,1,'0000-00-00 00:00:00','0000-00-00 00:00:00',0,2,0,0,1),(588,133,'SALDIVIA','LUCIANO ',47521346,'0000-00-00',1,0,0,'0000-00-00 00:00:00','0000-00-00 00:00:00',0,0,0,0,1),(589,133,'DECOUD','FLORENCIA',45758650,'0000-00-00',1,1,1,'0000-00-00 00:00:00','0000-00-00 00:00:00',1,1,0,0,1),(590,133,'PERILLI','ANTONELLA',45758632,'0000-00-00',1,1,1,'0000-00-00 00:00:00','0000-00-00 00:00:00',0,2,0,0,1),(591,133,'ROMAN','LUNA ABIGAIL',45337956,'0000-00-00',1,1,0,'0000-00-00 00:00:00','0000-00-00 00:00:00',0,0,0,0,1),(592,141,'LOPEZ ','CESAR ADRIAN',0,'0000-00-00',1,0,1,'0000-00-00 00:00:00','0000-00-00 00:00:00',1,6,0,1,1),(593,142,'BERDUN','LUCAS DAVID',0,'0000-00-00',1,0,0,'0000-00-00 00:00:00','0000-00-00 00:00:00',0,0,0,0,1),(594,134,'LABELLA','JUAN IGNACIO',44701033,'0000-00-00',1,0,0,'0000-00-00 00:00:00','0000-00-00 00:00:00',0,0,0,0,1),(595,134,'BERTONCELLO','LUDMILA G.',44556763,'0000-00-00',1,1,0,'0000-00-00 00:00:00','0000-00-00 00:00:00',0,0,0,0,1),(596,135,'DOMINGUEZ','EMANUEL ALEJANDRO',44862555,'0000-00-00',1,1,1,'0000-00-00 00:00:00','0000-00-00 00:00:00',0,2,0,0,1),(597,135,'GONZALEZ','RAMIRO NICOLAS',44734799,'0000-00-00',1,1,1,'0000-00-00 00:00:00','0000-00-00 00:00:00',0,2,0,0,1),(598,144,'CANTEROS','SHARON',44701333,'0000-00-00',1,1,1,'0000-00-00 00:00:00','0000-00-00 00:00:00',0,2,0,0,1),(599,144,'LOPEZ ','LUCAS DANIEL',44408226,'0000-00-00',1,1,1,'0000-00-00 00:00:00','0000-00-00 00:00:00',1,6,0,1,1),(600,145,'BENITEZ','JESSICA',0,'0000-00-00',1,0,0,'0000-00-00 00:00:00','0000-00-00 00:00:00',0,0,0,0,1),(601,137,'ROMERO  ','DIANA EVELIN',45757462,'0000-00-00',1,1,1,'0000-00-00 00:00:00','0000-00-00 00:00:00',1,1,0,0,1),(602,138,'PEREZ PATTERSON','AGUSTIN NICOLÁS',42164801,'0000-00-00',1,1,1,'0000-00-00 00:00:00','0000-00-00 00:00:00',1,6,0,1,1),(603,190,'CARDOZO','DYLAN ALEXANDER',0,'0000-00-00',1,0,0,'0000-00-00 00:00:00','0000-00-00 00:00:00',0,0,0,0,1),(604,190,'PAIVA','GABRIEL OMAR',0,'0000-00-00',1,0,0,'0000-00-00 00:00:00','0000-00-00 00:00:00',0,0,0,0,1),(605,190,'LAMBERT','MARTINA MARIA M.',0,'0000-00-00',1,1,0,'0000-00-00 00:00:00','0000-00-00 00:00:00',0,0,0,0,1),(606,191,'BOBADILLA','TIZIANO',0,'0000-00-00',1,1,1,'0000-00-00 00:00:00','0000-00-00 00:00:00',1,6,0,1,1),(607,191,'ALMIRON ','SHARON',0,'0000-00-00',1,1,1,'0000-00-00 00:00:00','0000-00-00 00:00:00',0,2,0,0,1),(608,191,'BENITEZ','EVELIN',0,'0000-00-00',1,1,1,'0000-00-00 00:00:00','0000-00-00 00:00:00',0,2,0,0,1),(609,191,'CAPRILE','MELANIE',0,'0000-00-00',1,1,1,'0000-00-00 00:00:00','0000-00-00 00:00:00',0,0,0,0,1),(610,191,'CISNEROS','ANTONELLA',0,'0000-00-00',1,0,0,'0000-00-00 00:00:00','0000-00-00 00:00:00',0,0,0,0,1),(611,191,'NUÑEZ','MILENA',0,'0000-00-00',1,1,1,'0000-00-00 00:00:00','0000-00-00 00:00:00',0,2,0,0,1),(612,192,'ROJAS ','FACUNDO',0,'0000-00-00',1,1,1,'0000-00-00 00:00:00','0000-00-00 00:00:00',0,2,0,0,1),(613,192,'TEJEIRA','GONZALO',0,'0000-00-00',1,1,1,'0000-00-00 00:00:00','0000-00-00 00:00:00',0,2,0,0,1),(614,192,'ALMADA','MARIA ESTELA',0,'0000-00-00',1,1,1,'0000-00-00 00:00:00','0000-00-00 00:00:00',1,6,0,1,1),(615,192,'CHAVEZ','AILEN',0,'0000-00-00',1,1,0,'0000-00-00 00:00:00','0000-00-00 00:00:00',0,0,0,0,1),(616,192,'MARTINEZ','CAMILA LUCIANA NOEMI',0,'0000-00-00',1,1,1,'0000-00-00 00:00:00','0000-00-00 00:00:00',0,2,0,0,1),(617,193,'AMARILLO','TOBIAS',0,'0000-00-00',1,1,1,'0000-00-00 00:00:00','0000-00-00 00:00:00',0,1,0,0,1),(618,193,'VACCARI QUIROZ','MAURICIO',0,'0000-00-00',1,0,0,'0000-00-00 00:00:00','0000-00-00 00:00:00',0,0,0,0,1),(619,193,'ALMEIDA','YOHANNA',0,'0000-00-00',1,1,1,'0000-00-00 00:00:00','0000-00-00 00:00:00',1,6,0,1,1),(620,193,'ROJAS ','VALERIA LUJAN',0,'0000-00-00',1,1,1,'0000-00-00 00:00:00','0000-00-00 00:00:00',0,2,0,0,1),(621,193,'VELLER','JAQUELINA AGUSTINA',0,'0000-00-00',1,1,1,'0000-00-00 00:00:00','0000-00-00 00:00:00',0,2,0,0,1),(622,194,'HANRI GONZALEZ','ALEXANDER ENRIQUE',0,'0000-00-00',1,1,1,'0000-00-00 00:00:00','0000-00-00 00:00:00',0,2,0,0,1),(623,194,'OCAMPO','ALEJANDRO',0,'0000-00-00',1,1,1,'0000-00-00 00:00:00','0000-00-00 00:00:00',0,2,0,0,1),(624,194,'DUARTE','MELANIE',0,'0000-00-00',1,1,1,'0000-00-00 00:00:00','0000-00-00 00:00:00',0,2,0,0,1),(625,194,'OLIVETTI','BRISA',0,'0000-00-00',1,0,0,'0000-00-00 00:00:00','0000-00-00 00:00:00',0,0,0,0,1),(626,194,'RAMOS','DANA',0,'0000-00-00',1,1,1,'0000-00-00 00:00:00','0000-00-00 00:00:00',1,6,0,1,1),(627,196,'LEDESMA','GABRIEL BENJAMIN',0,'0000-00-00',1,1,1,'0000-00-00 00:00:00','0000-00-00 00:00:00',1,1,0,0,1),(628,196,'MEDINA','RODRIGO ALEJANDRO',0,'0000-00-00',1,1,1,'0000-00-00 00:00:00','0000-00-00 00:00:00',0,2,0,0,1),(629,196,'FRANCIA','MAIRA GABRIELA',0,'0000-00-00',1,1,1,'0000-00-00 00:00:00','0000-00-00 00:00:00',1,0,0,0,1),(630,196,'MEDINA','JULIETA VALENTINA',0,'0000-00-00',1,1,0,'0000-00-00 00:00:00','0000-00-00 00:00:00',0,0,0,0,1),(631,197,'KANNEMANN','ALAN EZEQUIEL',0,'0000-00-00',1,1,1,'0000-00-00 00:00:00','0000-00-00 00:00:00',0,2,0,0,1),(632,197,'MONZON','MATEO TAHIEL',0,'0000-00-00',1,1,0,'0000-00-00 00:00:00','0000-00-00 00:00:00',0,0,0,0,1),(633,197,'DUARTE','BRISA ANAHI',0,'0000-00-00',1,1,1,'0000-00-00 00:00:00','0000-00-00 00:00:00',0,2,0,0,1),(634,197,'HERLEIM','CAROLINA SOLEDAD',0,'0000-00-00',1,1,0,'0000-00-00 00:00:00','0000-00-00 00:00:00',0,0,0,0,1),(635,198,'SARMIENTO','RAMON',0,'0000-00-00',1,0,0,'0000-00-00 00:00:00','0000-00-00 00:00:00',0,0,0,0,1),(636,198,'VEGA','AXIAS',0,'0000-00-00',1,0,0,'0000-00-00 00:00:00','0000-00-00 00:00:00',0,0,0,0,1),(637,198,'LESCANO','MICAELA',0,'0000-00-00',1,1,0,'0000-00-00 00:00:00','0000-00-00 00:00:00',0,0,0,0,1),(638,182,'FONTAN','ROMAN',0,'0000-00-00',1,1,0,'0000-00-00 00:00:00','0000-00-00 00:00:00',0,0,0,0,1),(639,186,'BAEZ','LUCIANO ADRIAN',0,'0000-00-00',1,1,0,'0000-00-00 00:00:00','0000-00-00 00:00:00',0,0,0,0,1),(640,186,'GALLO','JOSE LUIS',0,'0000-00-00',1,0,0,'0000-00-00 00:00:00','0000-00-00 00:00:00',0,0,0,0,1),(641,186,'GIL','IGNACIO AGUSTIN',0,'0000-00-00',1,1,1,'2010-05-26 00:00:00','0000-00-00 00:00:00',0,2,0,0,1),(642,186,'KRAUS','LEONARDO FERNANDO',0,'0000-00-00',1,1,0,'0000-00-00 00:00:00','0000-00-00 00:00:00',0,0,0,0,1),(643,186,'MESSINA','LUCAS GABRIEL',0,'0000-00-00',1,1,1,'0000-00-00 00:00:00','0000-00-00 00:00:00',1,6,0,1,1),(644,186,'VILLALBA','ALCIDES EXEQUIEL',0,'0000-00-00',1,1,1,'0000-00-00 00:00:00','0000-00-00 00:00:00',0,2,0,0,1),(645,186,'SALVADOR','MILAGROS MAGALI',0,'0000-00-00',1,1,0,'0000-00-00 00:00:00','0000-00-00 00:00:00',0,0,0,0,1),(646,186,'SANCHEZ','MARTINA IARA',0,'0000-00-00',1,1,1,'0000-00-00 00:00:00','2013-09-03 00:00:00',1,6,0,1,1),(647,183,'BENITEZ VILLALBA','JUAN FRANCISCO',0,'0000-00-00',1,1,0,'0000-00-00 00:00:00','0000-00-00 00:00:00',0,0,0,0,1),(648,183,'ZAMPA','FRANCO',0,'0000-00-00',1,1,1,'0000-00-00 00:00:00','0000-00-00 00:00:00',0,2,0,0,1),(649,187,'ESPINDOLA','TADEO',0,'0000-00-00',1,1,0,'0000-00-00 00:00:00','0000-00-00 00:00:00',0,0,0,0,1),(650,187,'MIÑO','BRISA',0,'0000-00-00',1,1,1,'0000-00-00 00:00:00','0000-00-00 00:00:00',1,6,0,1,1),(651,187,'PINTOS','FATIMA',0,'0000-00-00',1,1,1,'0000-00-00 00:00:00','0000-00-00 00:00:00',0,2,0,0,1),(652,187,'DEL VALLE','MARTINA JULIANA DANIELA',0,'0000-00-00',1,1,1,'2010-03-11 00:00:00','0000-00-00 00:00:00',0,2,0,0,1),(653,187,'TORRES','CAMILA',0,'0000-00-00',1,0,0,'0000-00-00 00:00:00','0000-00-00 00:00:00',0,0,0,0,1),(654,189,'ETCHEVERRY','JOEL JUAN DANIEL',0,'0000-00-00',1,0,0,'0000-00-00 00:00:00','0000-00-00 00:00:00',0,0,0,0,1),(655,189,'MORALES','EXEQUIEL AMILCAR',0,'0000-00-00',1,0,1,'0000-00-00 00:00:00','0000-00-00 00:00:00',1,6,0,1,1),(656,189,'TORRES','ARMANDO OSCAR LEONARDO',0,'0000-00-00',1,0,1,'0000-00-00 00:00:00','0000-00-00 00:00:00',0,2,0,0,1),(657,189,'COMAS','DARIELA MELISA',0,'0000-00-00',1,0,1,'0000-00-00 00:00:00','0000-00-00 00:00:00',1,6,0,1,1),(658,74,'ALEGRE','LUDMILA',0,'0000-00-00',1,1,0,'0000-00-00 00:00:00','0000-00-00 00:00:00',0,0,0,0,1),(659,108,'TAMAY','SOFIA ALEJANDRA',44903446,'0000-00-00',1,1,1,'0000-00-00 00:00:00','2011-02-11 00:00:00',1,6,0,1,1),(660,108,'VALDEZ','LUANA CRISTAL',45386340,'0000-00-00',1,1,1,'0000-00-00 00:00:00','0000-00-00 00:00:00',0,2,0,0,1),(661,109,'CABRERA','ARIEL DARIO',45167535,'0000-00-00',1,1,0,'0000-00-00 00:00:00','0000-00-00 00:00:00',0,0,0,0,1),(662,109,'CASERES','JOEL BENJAMIN',45386539,'0000-00-00',1,0,1,'0000-00-00 00:00:00','0000-00-00 00:00:00',1,6,0,1,1),(663,109,'FRANCIA','SANTIAGO ALFREDO',45757460,'0000-00-00',1,0,0,'0000-00-00 00:00:00','0000-00-00 00:00:00',0,0,0,0,1),(664,109,'LESCANO','PATRICIO LEONEL',44763927,'0000-00-00',1,0,1,'0000-00-00 00:00:00','0000-00-00 00:00:00',1,1,0,0,1),(665,109,'CREMONTE','SOFIA ANDREA',45756611,'0000-00-00',1,0,0,'0000-00-00 00:00:00','0000-00-00 00:00:00',0,0,0,0,1),(666,109,'DUARTE','VANINA ALEJANDRA',47980336,'0000-00-00',1,0,1,'0000-00-00 00:00:00','0000-00-00 00:00:00',0,2,0,0,1),(667,109,'JORGE','AGUSTINA GISELLE',45145314,'0000-00-00',1,0,1,'0000-00-00 00:00:00','0000-00-00 00:00:00',0,2,0,0,1),(668,109,'LUNA','MACARENA ALEJANDRA',44556674,'0000-00-00',1,0,1,'0000-00-00 00:00:00','0000-00-00 00:00:00',0,2,0,0,1),(669,109,'PASCUCCIELO','ESTEFANIA AYELEN',45386472,'0000-00-00',1,0,1,'2009-02-21 00:00:00','0000-00-00 00:00:00',1,6,0,1,1),(670,110,'PEREZ','ESTEBAN AUGUSTO',0,'0000-00-00',1,1,0,'0000-00-00 00:00:00','0000-00-00 00:00:00',0,0,0,0,1),(671,110,'REYES ','ALEXANDER RAFAEL',0,'0000-00-00',1,0,0,'0000-00-00 00:00:00','0000-00-00 00:00:00',0,0,0,0,1),(672,110,'RIOS','TOMAS SEBASTIAN',0,'0000-00-00',1,0,0,'0000-00-00 00:00:00','0000-00-00 00:00:00',0,0,0,0,1),(673,110,'VERSALI','JUAN CRUZ',0,'0000-00-00',1,1,1,'0000-00-00 00:00:00','0000-00-00 00:00:00',1,6,0,1,1),(674,110,'CABALLERO ACOSTA','LEONELA',0,'0000-00-00',1,1,0,'0000-00-00 00:00:00','0000-00-00 00:00:00',0,0,0,0,1),(675,110,'CHAPAY','MARTA VALENTINA',0,'0000-00-00',1,0,1,'0000-00-00 00:00:00','0000-00-00 00:00:00',0,2,0,0,1),(676,110,'DUARTE','YAMILA ALEJANDRA',0,'0000-00-00',1,1,1,'0000-00-00 00:00:00','0000-00-00 00:00:00',0,2,0,0,1),(677,110,'FERNANDEZ','ABIGAIL',0,'0000-00-00',1,1,1,'0000-00-00 00:00:00','0000-00-00 00:00:00',0,2,0,0,1),(678,110,'FERNANDEZ','NAIARA JAZMIN',0,'0000-00-00',1,1,0,'0000-00-00 00:00:00','0000-00-00 00:00:00',0,0,0,0,1),(679,110,'PEREZ','LUDMILA AYELEN',0,'0000-00-00',1,0,1,'0000-00-00 00:00:00','0000-00-00 00:00:00',0,2,0,0,1),(680,111,'SOTO','EDUARDO DAVID',0,'0000-00-00',1,0,1,'0000-00-00 00:00:00','0000-00-00 00:00:00',1,6,0,1,1),(681,111,'DUARTE','NADIA REINA',0,'0000-00-00',1,0,1,'0000-00-00 00:00:00','0000-00-00 00:00:00',0,2,0,0,1),(682,111,'VILLALVA','ROMINA MAXIMA JUDITH',0,'0000-00-00',1,0,0,'0000-00-00 00:00:00','0000-00-00 00:00:00',0,0,0,0,1),(683,112,'DIONISIO','JONATÁN',44498873,'0000-00-00',1,1,1,'0000-00-00 00:00:00','0000-00-00 00:00:00',1,6,0,1,1),(684,112,'FORNAROLI','SHEILA',44282300,'0000-00-00',1,0,0,'0000-00-00 00:00:00','0000-00-00 00:00:00',0,0,0,0,1),(685,114,'BROSSARD','GASTON',44624185,'0000-00-00',1,0,0,'0000-00-00 00:00:00','0000-00-00 00:00:00',0,0,0,0,1),(686,114,'DEAGUSTINI','SANTINO RAMON',44441368,'0000-00-00',1,0,0,'0000-00-00 00:00:00','0000-00-00 00:00:00',0,0,0,0,1),(687,114,'KIPPES','SEBASTIAN NICOLAS',44210242,'0000-00-00',1,0,0,'0000-00-00 00:00:00','0000-00-00 00:00:00',0,0,0,0,1),(688,114,'LASARELLO','NICOLAS RUBEN',43088299,'0000-00-00',1,0,0,'0000-00-00 00:00:00','0000-00-00 00:00:00',0,0,0,0,1),(689,114,'MIRANDA','ERIC RODRIGO URIEL',44701338,'0000-00-00',1,1,0,'0000-00-00 00:00:00','0000-00-00 00:00:00',0,0,0,0,1),(690,114,'CACERES','ROCIO LILIANA',44624300,'0000-00-00',1,0,0,'0000-00-00 00:00:00','0000-00-00 00:00:00',0,0,0,0,1),(691,114,'LOPEZ','ALDANA VICTORIA',44624287,'0000-00-00',1,1,1,'0000-00-00 00:00:00','0000-00-00 00:00:00',0,2,0,0,1),(692,114,'MORINICO','SOLANGE TATIANA',44210403,'0000-00-00',1,0,0,'0000-00-00 00:00:00','0000-00-00 00:00:00',0,0,0,0,1),(693,114,'ROMERO','LUDMILA DEL VALLE',44862665,'0000-00-00',1,1,1,'0000-00-00 00:00:00','0000-00-00 00:00:00',0,2,0,0,1),(694,116,'ROLLANO','LUCIANO',46391847,'0000-00-00',1,1,1,'2011-02-10 00:00:00','0000-00-00 00:00:00',0,2,0,0,1),(695,121,'BENITEZ ALDERETE','GIANELLA MOIRA',46249358,'0000-00-00',1,1,1,'0000-00-00 00:00:00','0000-00-00 00:00:00',1,6,0,1,1),(696,121,'PAIVA','BRISA CANDELA',46250380,'0000-00-00',1,1,1,'2011-06-29 00:00:00','0000-00-00 00:00:00',0,2,0,0,1),(697,122,'BOGAO','ANTONELLA NOEMI',46519650,'0000-00-00',1,1,1,'0000-00-00 00:00:00','0000-00-00 00:00:00',1,6,0,1,1),(698,123,'DA SILVA','JAVIER ANGEL GABRIEL',44439633,'0000-00-00',1,1,1,'0000-00-00 00:00:00','0000-00-00 00:00:00',0,2,0,0,1),(699,123,'RUIZ DIAZ','MARIA JAZMIN M.',43148286,'0000-00-00',1,1,1,'0000-00-00 00:00:00','0000-00-00 00:00:00',1,6,0,1,1),(700,117,'GOMEZ ','FERNANDO JOSE',45554093,'0000-00-00',1,0,1,'0000-00-00 00:00:00','0000-00-00 00:00:00',1,6,0,1,1),(701,117,'WETZEL','PABLO EZEQUIEL',45388019,'0000-00-00',1,0,1,'0000-00-00 00:00:00','0000-00-00 00:00:00',1,6,0,1,1),(702,117,'ZALAZAR','CARLOS',45756563,'0000-00-00',1,0,1,'0000-00-00 00:00:00','0000-00-00 00:00:00',0,2,0,0,1),(703,117,'FARIA','MILAGROS',45047910,'0000-00-00',1,0,1,'0000-00-00 00:00:00','0000-00-00 00:00:00',0,2,0,0,1),(704,117,'NIZ','MELISA ESTHER',45168580,'0000-00-00',1,1,1,'0000-00-00 00:00:00','0000-00-00 00:00:00',0,0,0,0,1),(705,117,'SOLDA','DALMA',45386529,'0000-00-00',1,0,1,'0000-00-00 00:00:00','0000-00-00 00:00:00',1,6,0,1,1),(706,117,'TABORDA','NICOL',45386464,'0000-00-00',1,0,1,'0000-00-00 00:00:00','0000-00-00 00:00:00',1,6,0,1,1),(707,118,'NIZ ','LEONARDO MARTIN',45338193,'0000-00-00',1,0,1,'0000-00-00 00:00:00','0000-00-00 00:00:00',0,2,0,0,1),(708,118,'MARKER','RODRIGO EZEQUIEL',44439652,'0000-00-00',1,0,0,'0000-00-00 00:00:00','0000-00-00 00:00:00',0,0,0,0,1),(709,118,'RIVERO','DAMIAN ALEXIS',45047831,'0000-00-00',1,0,0,'0000-00-00 00:00:00','0000-00-00 00:00:00',0,0,0,0,1),(710,118,'ROTELA','LAUREANO RAMON',45617381,'0000-00-00',1,0,1,'0000-00-00 00:00:00','0000-00-00 00:00:00',1,6,0,1,1),(711,118,'FLEITA','IARA MILAGROS',45756728,'0000-00-00',1,0,1,'2010-12-08 00:00:00','0000-00-00 00:00:00',1,6,0,1,1),(712,124,'DUARTE','BRANDON MICHAEL',44981887,'0000-00-00',1,1,1,'2011-00-22 00:00:00','0000-00-00 00:00:00',0,2,0,0,1),(713,124,'ACOSTA','CELESTE ISABEL',41629467,'0000-00-00',1,1,0,'0000-00-00 00:00:00','0000-00-00 00:00:00',0,0,0,0,1),(714,124,'LOPEZ','TANIA AYELEN',45617320,'0000-00-00',1,1,0,'0000-00-00 00:00:00','0000-00-00 00:00:00',0,0,0,0,1),(715,125,'ALVEAL','AARON EMANUEL',45260276,'0000-00-00',1,1,1,'2011-04-08 00:00:00','0000-00-00 00:00:00',0,2,0,0,1),(716,125,'BRIOZZO','ALEXIS ALEJANDRO',45386421,'0000-00-00',1,0,0,'0000-00-00 00:00:00','0000-00-00 00:00:00',0,0,0,0,1),(717,125,'CHAVES','JONATAN EXEQUIEL',45554049,'0000-00-00',1,1,1,'0000-00-00 00:00:00','0000-00-00 00:00:00',1,6,0,1,1),(718,125,'SALAS ','ALEJANDRO MARTIN',45167563,'0000-00-00',1,0,0,'0000-00-00 00:00:00','0000-00-00 00:00:00',0,0,0,0,1),(719,125,'SAMPIETRO','MILAGROS SIOMARA',44282238,'0000-00-00',1,1,1,'0000-00-00 00:00:00','0000-00-00 00:00:00',1,6,0,1,1),(720,119,'RIVAROLA','LAURA VANINA',44624224,'0000-00-00',1,0,1,'0000-00-00 00:00:00','0000-00-00 00:00:00',0,0,0,0,1),(721,119,'ZAPATA','TAMARA JAQUELINE',44701063,'0000-00-00',1,0,1,'0000-00-00 00:00:00','0000-00-00 00:00:00',1,6,0,1,1),(722,120,'PEÑA QUINTANA','ALEXANDER',43935680,'0000-00-00',1,0,1,'0000-00-00 00:00:00','0000-00-00 00:00:00',1,6,0,1,1),(723,120,'RAGONE','FERNANDO MANUEL',44624270,'0000-00-00',1,1,1,'0000-00-00 00:00:00','0000-00-00 00:00:00',0,2,0,0,1),(724,120,'BAEZ','CELESTE MILAGROS',43826563,'0000-00-00',1,0,1,'0000-00-00 00:00:00','0000-00-00 00:00:00',0,2,0,0,1),(725,120,'FALCON NOIR','ANTONELLA ',43826614,'0000-00-00',1,1,1,'0000-00-00 00:00:00','0000-00-00 00:00:00',0,2,0,0,1),(726,126,'FERREYRA','GASTON NICOLAS',43342689,'0000-00-00',1,0,1,'0000-00-00 00:00:00','0000-00-00 00:00:00',0,2,0,0,1),(727,126,'GOMEZ ','FACUNDO ANDRES',44035037,'0000-00-00',1,0,0,'0000-00-00 00:00:00','0000-00-00 00:00:00',0,0,0,0,1),(728,126,'GUIONET LOPEZ','FACUNDO EXEQUIEL',42308254,'0000-00-00',1,0,0,'0000-00-00 00:00:00','0000-00-00 00:00:00',0,0,0,0,1),(729,126,'MARTINEZ','ADRIAN RAMON',47980364,'0000-00-00',1,0,1,'2011-11-05 00:00:00','0000-00-00 00:00:00',0,2,0,0,1),(730,127,'ALMADA','JAVIER EMILIO',43482988,'0000-00-00',1,1,1,'0000-00-00 00:00:00','0000-00-00 00:00:00',1,6,0,1,1),(731,127,'JAUREGUI','JESUS EMANUEL EDUARDO',44624216,'0000-00-00',1,0,1,'2011-12-10 00:00:00','0000-00-00 00:00:00',1,1,0,0,1),(732,127,'BENITEZ ','MAIA STEFANIA',44624262,'0000-00-00',1,1,1,'0000-00-00 00:00:00','0000-00-00 00:00:00',1,1,0,0,1),(733,127,'KUHN','GISELA MARIA',42580477,'0000-00-00',1,1,1,'0000-00-00 00:00:00','0000-00-00 00:00:00',1,6,0,1,1),(734,127,'SELVA','ANDREA GISEL',44820248,'0000-00-00',1,1,1,'0000-00-00 00:00:00','0000-00-00 00:00:00',1,6,0,1,1),(735,128,'RODRIGUEZ','VICTOR JUAN',44035083,'0000-00-00',1,1,0,'0000-00-00 00:00:00','0000-00-00 00:00:00',0,0,0,0,1),(736,128,'SIARRA','GUILLERMO ARIEL',44210530,'0000-00-00',1,1,1,'0000-00-00 00:00:00','0000-00-00 00:00:00',0,2,0,0,1),(737,128,'BARBOZA','FEDERICO',0,'0000-00-00',1,1,1,'0000-00-00 00:00:00','0000-00-00 00:00:00',1,6,0,1,1),(738,146,'SORAIDEZ','DYLAN EMANUEL',45756872,'0000-00-00',1,1,1,'0000-00-00 00:00:00','0000-00-00 00:00:00',1,6,0,1,1),(739,146,'GAIGA','MARIA CANDELARIA',45337906,'0000-00-00',1,0,0,'0000-00-00 00:00:00','0000-00-00 00:00:00',0,0,0,0,1),(740,146,'LEIVA','BRISA ESTEFANIA',45756646,'0000-00-00',1,1,1,'0000-00-00 00:00:00','0000-00-00 00:00:00',1,6,0,1,1),(741,146,'SUAREZ','LUNA SOLEDAD',45617306,'0000-00-00',1,1,0,'0000-00-00 00:00:00','0000-00-00 00:00:00',0,0,0,0,1),(742,147,'AGUILAR','CARLOS ELIAS',45338148,'0000-00-00',1,1,1,'0000-00-00 00:00:00','0000-00-00 00:00:00',0,2,0,0,1),(743,147,'ARMOA','JOEL ALEJANDRO',44498819,'0000-00-00',1,1,1,'2009-11-01 00:00:00','0000-00-00 00:00:00',0,2,0,0,1),(744,147,'BOGAO','ALEXANDER HECTOR',44556741,'0000-00-00',1,0,0,'0000-00-00 00:00:00','0000-00-00 00:00:00',0,0,0,0,1),(745,147,'MORENO','AGUSTIN ELIAS',45167522,'0000-00-00',1,1,0,'0000-00-00 00:00:00','0000-00-00 00:00:00',0,0,0,0,1),(746,147,'ALVAREZ PONCE','MELODY MAGALI',45554176,'0000-00-00',1,0,0,'0000-00-00 00:00:00','0000-00-00 00:00:00',0,0,0,0,1),(747,147,'CABRAL','GUADALUPE AGUSTINA',45338162,'0000-00-00',1,1,0,'0000-00-00 00:00:00','0000-00-00 00:00:00',0,0,0,0,1),(748,147,'MOREL','MELODY IVONNE',0,'0000-00-00',1,1,1,'0000-00-00 00:00:00','0000-00-00 00:00:00',0,2,0,0,1),(749,150,'AGUIRRE GAUNA','LUIS MIGUEL',0,'0000-00-00',1,1,0,'0000-00-00 00:00:00','0000-00-00 00:00:00',0,0,0,0,1),(750,150,'BRIOZZI','SEBASTIAN',0,'0000-00-00',1,0,0,'0000-00-00 00:00:00','0000-00-00 00:00:00',0,0,0,0,1),(751,150,'DUARTE','LAUTARO DAMIAN',0,'0000-00-00',1,1,1,'2009-03-07 00:00:00','2016-09-25 00:00:00',1,6,0,1,1),(752,150,'QUIROZ','LEANDRO GABRIEL',0,'0000-00-00',1,1,0,'0000-00-00 00:00:00','0000-00-00 00:00:00',0,0,0,0,1),(753,150,'VARELA','FEDERICO EZEQUIEL',0,'0000-00-00',1,0,0,'0000-00-00 00:00:00','0000-00-00 00:00:00',0,0,0,0,1),(754,150,'CIANDRA','SOFIA JULIANA',0,'0000-00-00',1,1,1,'0000-00-00 00:00:00','0000-00-00 00:00:00',0,2,0,0,1),(755,150,'PEREYRA','AILEN BRENDA',0,'0000-00-00',1,1,1,'2009-00-04 00:00:00','2013-11-10 00:00:00',1,6,0,1,1),(756,151,'DESPO','ELIAS CATRIEL',0,'0000-00-00',1,1,0,'0000-00-00 00:00:00','0000-00-00 00:00:00',0,0,0,0,1),(757,151,'GOMEZ GOMEZ','MATEO',0,'0000-00-00',1,1,0,'0000-00-00 00:00:00','0000-00-00 00:00:00',0,0,0,0,1),(758,151,'ALVAREZ PONCE','CAMILA',0,'0000-00-00',1,1,0,'0000-00-00 00:00:00','0000-00-00 00:00:00',0,0,0,0,1),(759,151,'DEIMUNDO','ANDREA STEFANIA',0,'0000-00-00',1,0,0,'0000-00-00 00:00:00','0000-00-00 00:00:00',0,0,0,0,1),(760,151,'SAGRADIN','LUCIA ANABELLA',0,'0000-00-00',1,1,0,'0000-00-00 00:00:00','0000-00-00 00:00:00',0,0,0,0,1),(761,148,'FITTIPALDI','JOAQUIN EDUARDO',44498931,'0000-00-00',1,1,1,'0000-00-00 00:00:00','0000-00-00 00:00:00',1,1,0,0,1),(762,148,'ROMERO','DANIEL ALFREDO',44439745,'0000-00-00',1,1,1,'0000-00-00 00:00:00','2013-12-23 00:00:00',1,1,0,0,1),(763,148,'ERMOSID','SHIRLEY YOHANNA',44701002,'0000-00-00',1,1,1,'0000-00-00 00:00:00','0000-00-00 00:00:00',1,6,0,1,1),(764,149,'PANFIL','VICTOR LEONEL',44556320,'0000-00-00',1,1,1,'0000-00-00 00:00:00','0000-00-00 00:00:00',1,6,0,1,1),(765,149,'PIETRANTRUENO','MARTIN DAIAN',44820323,'0000-00-00',1,1,1,'0000-00-00 00:00:00','0000-00-00 00:00:00',0,2,0,0,1),(766,149,'BALLEJO','NOELIA',44074165,'0000-00-00',1,1,1,'0000-00-00 00:00:00','2013-11-03 00:00:00',0,2,0,0,1),(767,149,'NOI GIMENEZ','ADELA',44763977,'0000-00-00',1,1,1,'0000-00-00 00:00:00','0000-00-00 00:00:00',1,6,0,1,1),(768,152,'REBOT','CRISTIAN LEONEL',0,'0000-00-00',1,0,0,'0000-00-00 00:00:00','0000-00-00 00:00:00',0,0,0,0,1),(769,152,'BEJARANO','VALENTINA MARIA LUJAN',0,'0000-00-00',1,1,0,'0000-00-00 00:00:00','0000-00-00 00:00:00',0,0,0,0,1),(770,152,'FRANCE','LEILA SOLEDAD',0,'0000-00-00',1,1,1,'0000-00-00 00:00:00','0000-00-00 00:00:00',1,6,0,1,1),(771,152,'LEDESMA','STEFANIA MICAELA',0,'0000-00-00',1,1,1,'0000-00-00 00:00:00','0000-00-00 00:00:00',1,1,0,0,1),(772,152,'FARINA','TOMAS AGUSTIN',0,'0000-00-00',1,1,0,'0000-00-00 00:00:00','0000-00-00 00:00:00',0,0,0,0,1),(773,208,'GÓMEZ','ATILIO',45617399,'0000-00-00',1,1,1,'0000-00-00 00:00:00','0000-00-00 00:00:00',0,2,0,0,1),(774,208,'MONZÓN','MATÍAS ARIEL',46519742,'0000-00-00',1,1,1,'0000-00-00 00:00:00','0000-00-00 00:00:00',1,6,0,1,1),(775,208,'VILLARREAL ','ERNESTO ISAÍAS',45947705,'0000-00-00',1,0,0,'0000-00-00 00:00:00','0000-00-00 00:00:00',0,0,0,0,1),(776,208,'AGUIRRE','LUCRECIA SOFÍA',46249367,'0000-00-00',1,1,0,'0000-00-00 00:00:00','0000-00-00 00:00:00',0,0,0,0,1),(777,208,'DUARTE','ARIAÓNA MAGALÍ',46466247,'0000-00-00',1,1,0,'0000-00-00 00:00:00','0000-00-00 00:00:00',0,0,0,0,1),(778,208,'TORRES','GÉNESIS ABIGAIL',46519858,'0000-00-00',1,1,0,'0000-00-00 00:00:00','0000-00-00 00:00:00',0,0,0,0,1),(779,209,'FRANCO','KEILA',46391167,'0000-00-00',1,0,0,'0000-00-00 00:00:00','0000-00-00 00:00:00',0,0,0,0,1),(780,209,'VILLARREAL ','LUDMILA',46249289,'0000-00-00',1,1,1,'0000-00-00 00:00:00','0000-00-00 00:00:00',0,2,0,0,1),(781,210,'ALMEIDA','BENJAMÍN IVÁN',45947680,'0000-00-00',1,1,0,'0000-00-00 00:00:00','0000-00-00 00:00:00',0,0,0,0,1),(782,210,'ARRISCAL','LUÍS ALFREDO',46392242,'0000-00-00',1,0,0,'0000-00-00 00:00:00','0000-00-00 00:00:00',0,0,0,0,1),(783,210,'BRICEÑO','ALAN FACUNDO',45338088,'0000-00-00',1,0,0,'0000-00-00 00:00:00','0000-00-00 00:00:00',0,0,0,0,1),(784,210,'CONRRADO','AXEL URIEL',46250349,'0000-00-00',1,1,1,'0000-00-00 00:00:00','0000-00-00 00:00:00',0,2,0,0,1),(785,210,'GAUNA','LUDMILA JACQUELINE',46392016,'0000-00-00',1,1,1,'0000-00-00 00:00:00','0000-00-00 00:00:00',1,6,0,1,1),(786,210,'MONZÓN','NAHIR ARACELI',46519743,'0000-00-00',1,1,1,'0000-00-00 00:00:00','0000-00-00 00:00:00',0,2,0,0,1),(787,210,'VALLEJOS ','JOANNA ANTONELLA',46519796,'0000-00-00',1,0,0,'0000-00-00 00:00:00','0000-00-00 00:00:00',0,0,0,0,1),(788,210,'TRUJILLO','GIULIANA',0,'0000-00-00',1,0,0,'0000-00-00 00:00:00','0000-00-00 00:00:00',0,0,0,0,1),(789,199,'BENÍTEZ','SANTIAGO ARIEL',46519580,'0000-00-00',1,0,0,'0000-00-00 00:00:00','0000-00-00 00:00:00',0,0,0,0,1),(790,199,'RODRÍGUEZ','ANA',0,'0000-00-00',1,1,1,'0000-00-00 00:00:00','0000-00-00 00:00:00',1,6,0,1,1),(791,200,'CARRAZZONI','JUAN MANUEL',46317687,'0000-00-00',1,0,0,'0000-00-00 00:00:00','0000-00-00 00:00:00',0,0,0,0,1),(792,200,'ECHEVERRÍA','LAUREANO FELIPE',45553626,'0000-00-00',1,0,1,'2016-01-15 00:00:00','0000-00-00 00:00:00',0,2,0,0,1),(793,200,'ACUÑA','FLORENCIA BELÉN',46519839,'0000-00-00',1,1,1,'0000-00-00 00:00:00','0000-00-00 00:00:00',0,2,0,0,1),(794,200,'CACCIA ','KIARA ÁNGELA YAEL',45947876,'0000-00-00',1,1,1,'0000-00-00 00:00:00','0000-00-00 00:00:00',0,2,0,0,1),(795,200,'LÓPEZ','IVANA ROMINA MELANIE',45948013,'0000-00-00',1,1,1,'0000-00-00 00:00:00','0000-00-00 00:00:00',0,2,0,0,1),(796,200,'MEZA ','IRIS SOLEDAD',45167509,'0000-00-00',1,0,0,'0000-00-00 00:00:00','0000-00-00 00:00:00',0,0,0,0,1),(797,201,'VALDEZ','LUCIANO ARIEL',46392049,'0000-00-00',1,1,1,'2016-04-02 00:00:00','0000-00-00 00:00:00',1,6,0,1,1),(798,201,'MONGE','MARÍA LUJAN',46466891,'0000-00-00',1,0,0,'0000-00-00 00:00:00','0000-00-00 00:00:00',0,0,0,0,1),(799,201,'OLIVERA ESTIGARRILLO','ROMINA JULIETA',45947682,'0000-00-00',1,1,1,'0000-00-00 00:00:00','0000-00-00 00:00:00',1,6,0,1,1),(800,211,'DOS SANTOS','ÁNGEL DAMIAN',45338039,'0000-00-00',1,1,1,'0000-00-00 00:00:00','0000-00-00 00:00:00',1,6,0,1,1),(801,211,'ARELLANO ','BRENDA',44498945,'0000-00-00',1,1,1,'0000-00-00 00:00:00','0000-00-00 00:00:00',0,1,0,0,1),(802,211,'OLIVERA','KAREN MICAELA',45617346,'0000-00-00',1,1,1,'0000-00-00 00:00:00','0000-00-00 00:00:00',1,6,0,1,1),(803,212,'BRAVO','RUBÉN DARÍO',44981993,'0000-00-00',1,1,1,'0000-00-00 00:00:00','0000-00-00 00:00:00',0,2,0,0,1),(804,212,'FERNÁNDEZ','JOEL ANDRÉS',45168502,'0000-00-00',1,1,1,'0000-00-00 00:00:00','0000-00-00 00:00:00',0,2,0,0,1),(805,212,'TERNÁNDEZ','LUCIANO MARTÍN',44862689,'0000-00-00',1,1,1,'0000-00-00 00:00:00','0000-00-00 00:00:00',0,2,0,0,1),(806,212,'CASTRO','KAREN DAIANA',45756915,'0000-00-00',1,1,1,'0000-00-00 00:00:00','0000-00-00 00:00:00',1,6,0,1,1),(807,212,'MEDINA','LEILA ABIGAIL',44820279,'0000-00-00',1,0,0,'0000-00-00 00:00:00','0000-00-00 00:00:00',0,0,0,0,1),(808,212,'VERÓN','SILVANA',44981910,'0000-00-00',1,0,0,'0000-00-00 00:00:00','0000-00-00 00:00:00',0,0,0,0,1),(809,202,'FERNÁNDEZ','MAXIMILIANO',45146052,'0000-00-00',1,1,1,'0000-00-00 00:00:00','0000-00-00 00:00:00',1,6,0,1,1),(810,203,'TRABICHET','NICOLÁS ARIEL',44862682,'0000-00-00',1,1,1,'0000-00-00 00:00:00','0000-00-00 00:00:00',1,6,0,1,1),(811,203,'ACUÑA','GIULIANA GISELLE',45529393,'0000-00-00',1,1,0,'0000-00-00 00:00:00','0000-00-00 00:00:00',0,0,0,0,1),(812,203,'RIVERO','ROSA LUDMILA MILAGROS',45338070,'0000-00-00',1,1,0,'0000-00-00 00:00:00','0000-00-00 00:00:00',0,0,0,0,1),(813,204,'ALASINA','MELANIE ESPERANZA',45338151,'0000-00-00',1,1,1,'0000-00-00 00:00:00','0000-00-00 00:00:00',1,6,0,1,1),(814,213,'ESCHEVERRIS','LUÍS UBALDO',45047803,'0000-00-00',1,1,1,'0000-00-00 00:00:00','0000-00-00 00:00:00',1,6,0,1,1),(815,213,'SALVA','FÉLIX JOSÉ ALBERTO',45337976,'0000-00-00',1,1,1,'0000-00-00 00:00:00','0000-00-00 00:00:00',0,2,0,0,1),(816,213,'RAMÍREZ','LARA MARTINA ARIANA',45616196,'0000-00-00',1,0,0,'0000-00-00 00:00:00','0000-00-00 00:00:00',0,0,0,0,1),(817,205,'ALMADA','CARLOS MAXIMILIANO',44763952,'0000-00-00',1,1,1,'0000-00-00 00:00:00','0000-00-00 00:00:00',1,1,0,0,1),(818,205,'BOBADILLA','CRISTHIAN ALEJANDRO',43826521,'0000-00-00',1,1,1,'0000-00-00 00:00:00','0000-00-00 00:00:00',1,1,0,0,1),(819,205,'FERNÁNDEZ','ANDREA CELESTE',41981636,'0000-00-00',1,1,1,'0000-00-00 00:00:00','0000-00-00 00:00:00',1,6,0,1,1),(820,214,'ARELLANO ','CARLOS ENRIQUE',43755075,'0000-00-00',1,1,1,'0000-00-00 00:00:00','0000-00-00 00:00:00',1,6,0,1,1),(821,214,'SALVI','EMANUEL',44820353,'0000-00-00',1,1,1,'0000-00-00 00:00:00','0000-00-00 00:00:00',1,6,0,1,1),(822,215,'GARCÍA','JULIÁN ALEJANDRO',44439727,'0000-00-00',1,1,1,'0000-00-00 00:00:00','0000-00-00 00:00:00',0,2,0,0,1),(823,215,'BENÍTEZ','DANIELA BEATRIZ',44862565,'0000-00-00',1,1,1,'0000-00-00 00:00:00','0000-00-00 00:00:00',0,2,0,0,1),(824,215,'GONZÁLEZ','CARMEN',0,'0000-00-00',1,1,1,'0000-00-00 00:00:00','0000-00-00 00:00:00',0,2,0,0,1),(825,215,'ROJAS','MARÍA MAGDALENA',44498976,'0000-00-00',1,1,1,'0000-00-00 00:00:00','0000-00-00 00:00:00',1,6,0,1,1),(826,206,'AGUILAR','TANIA',44498801,'0000-00-00',1,1,1,'0000-00-00 00:00:00','0000-00-00 00:00:00',0,2,0,0,1),(827,206,'AYALA','BRISA',42730836,'0000-00-00',1,1,1,'0000-00-00 00:00:00','0000-00-00 00:00:00',0,2,0,0,1),(828,206,'GAMBOA','SOFÍA',44922094,'0000-00-00',1,1,1,'0000-00-00 00:00:00','0000-00-00 00:00:00',1,6,0,1,1),(829,206,'PAVON','VIRGINIA NAHIR',44980398,'0000-00-00',1,1,1,'0000-00-00 00:00:00','0000-00-00 00:00:00',1,6,0,1,1),(830,216,'ZIEGLER','DALMA',0,'0000-00-00',1,0,0,'0000-00-00 00:00:00','0000-00-00 00:00:00',0,0,0,0,1),(831,216,'MARTÍNEZ','JOAQUÍN',0,'0000-00-00',1,0,0,'0000-00-00 00:00:00','0000-00-00 00:00:00',0,0,0,0,1),(832,216,'ESCHEVERRIS','LUANA',0,'0000-00-00',1,0,0,'0000-00-00 00:00:00','0000-00-00 00:00:00',0,0,0,0,1),(833,124,'AGUIRRE','ALEXIS JORGE HÉCTOR',44981924,'0000-00-00',0,0,1,'0000-00-00 00:00:00','0000-00-00 00:00:00',0,0,0,0,1);
/*!40000 ALTER TABLE `casos` ENABLE KEYS */;
UNLOCK TABLES;

--
-- Table structure for table `ci_sessions`
--

DROP TABLE IF EXISTS `ci_sessions`;
SET @saved_cs_client     = @@character_set_client;
SET character_set_client = utf8;
CREATE TABLE `ci_sessions` (
  `session_id` varchar(40) collate utf8_bin NOT NULL default '0',
  `ip_address` varchar(16) collate utf8_bin NOT NULL default '0',
  `user_agent` varchar(150) collate utf8_bin NOT NULL,
  `last_activity` int(10) unsigned NOT NULL default '0',
  `user_data` text collate utf8_bin NOT NULL,
  PRIMARY KEY  (`session_id`)
) ENGINE=InnoDB DEFAULT CHARSET=utf8 COLLATE=utf8_bin;
SET character_set_client = @saved_cs_client;

--
-- Dumping data for table `ci_sessions`
--

LOCK TABLES `ci_sessions` WRITE;
/*!40000 ALTER TABLE `ci_sessions` DISABLE KEYS */;
INSERT INTO `ci_sessions` VALUES ('01804919cb57c2c978a15cca53c0f3a5','192.168.1.2','Mozilla/5.0 (Windows NT 6.1) AppleWebKit/535.2 (KH',1321055259,''),('b3db29eb4f8d177beefd6db77158df47','192.168.1.2','Mozilla/5.0 (Windows NT 6.1) AppleWebKit/535.2 (KH',1321458751,'');
/*!40000 ALTER TABLE `ci_sessions` ENABLE KEYS */;
UNLOCK TABLES;

--
-- Table structure for table `ciudades`
--

DROP TABLE IF EXISTS `ciudades`;
SET @saved_cs_client     = @@character_set_client;
SET character_set_client = utf8;
CREATE TABLE `ciudades` (
  `id` int(11) NOT NULL,
  `nombre` varchar(40) collate utf8_bin NOT NULL,
  `cpostal` varchar(40) collate utf8_bin NOT NULL,
  `provincia` varchar(40) collate utf8_bin NOT NULL,
  `pais` varchar(40) collate utf8_bin NOT NULL,
  PRIMARY KEY  (`id`)
) ENGINE=InnoDB DEFAULT CHARSET=utf8 COLLATE=utf8_bin COMMENT='tabla de ciudades';
SET character_set_client = @saved_cs_client;

--
-- Dumping data for table `ciudades`
--

LOCK TABLES `ciudades` WRITE;
/*!40000 ALTER TABLE `ciudades` DISABLE KEYS */;
INSERT INTO `ciudades` VALUES (1,'CONCORDIA','3200','Entre Rios','Argentina'),(2,'Las Parejas','','Santa fe','Argentina');
/*!40000 ALTER TABLE `ciudades` ENABLE KEYS */;
UNLOCK TABLES;

--
-- Table structure for table `escuelas`
--

DROP TABLE IF EXISTS `escuelas`;
SET @saved_cs_client     = @@character_set_client;
SET character_set_client = utf8;
CREATE TABLE `escuelas` (
  `id` int(11) NOT NULL auto_increment,
  `nombre` varchar(255) collate utf8_bin NOT NULL,
  `direccion` varchar(255) collate utf8_bin NOT NULL,
  `director` varchar(80) collate utf8_bin default NULL,
  `telefono` varchar(255) collate utf8_bin default NULL,
  `programa_id` int(10) unsigned NOT NULL,
  `numero_estab` int(10) unsigned default NULL,
  PRIMARY KEY  (`id`)
) ENGINE=InnoDB AUTO_INCREMENT=162 DEFAULT CHARSET=utf8 COLLATE=utf8_bin;
SET character_set_client = @saved_cs_client;

--
-- Dumping data for table `escuelas`
--

LOCK TABLES `escuelas` WRITE;
/*!40000 ALTER TABLE `escuelas` DISABLE KEYS */;
INSERT INTO `escuelas` VALUES (1,'VELEZ SARSFIELD','MITRE 390','GRACIELA PEDRAZOLI','421-1863',1,1),(2,'ALMAFUERTE','URQUIZA 276','MARIA DEL CARMEN FERNANDEZ','421-6007',1,2),(3,'DOMINGO F. SARMIENTO','MOULINS 1900','MARIA ESTHER INCHAUSPE','',1,3),(4,'LAVARDEN','LA PRIDA Y LOS VI','ELISA C. DE PEREZ MARIA','425-1568',1,4),(5,'SAN JOSE DE CALASANZ.','LOS ANDES','NORMA MORELLO','427-1170',1,5),(6,'GRAL. SAN MARTIN','MAIPU','BLANCA VILLANUEVA DE OTRIZ','',1,6),(7,'CABILDO ABIERTO','COLONI ROCA','ALBA ZUFIAURRE DE OTERO','',1,7),(8,'MADAME CURIE','VILLA ZORRAQUIN','ANGELICA SOSA DE MEDRANO','',1,8),(9,'JUAN M. GUTIERREZ','SARMIENTO 94','ROSA GATTI DE MIGLIORA','421-6372',1,9),(10,'BENITO GARAT','URDINARRAIN 752','GRACIELA B. DE TAMA','421-4882',1,10),(11,'GRAL. BASAVILBASO','LA RIOJA 1819','MARIA LEONOR REALI DE MEDINA','421-3723',1,11),(12,'EL SUPREMO ENTRERRIANO','ALEM 424','ELBA FERRARI DE SCATONE','421-2597',1,12),(13,'PANCHO RAMIREZ','PASO GALLO','PAOLAZZI JUANA','427-1426',1,13),(14,'CNEL. ANIONIO NAVARRO','SAN LORENZO Y VILLAGUAY','HILDA F. DE SHAUVINHOLD','427-0511',1,14),(15,'NORMAL D. F. SARMIENTO','SARMIENTO 530','SILVIA CANALS','421-2645',1,15),(16,'MANUEL P. ANTEQUEDA','COLONIA AYUI','VIRGINIA VELAZQUEZ DE FLORES','',1,16),(17,'DIOGENES J. DE URQUIZA','LAS HERAS 654','JOSE MARIANO WASINGER','421-6166',1,17),(18,'EL ACONCAGUA','COLONIA YERUA','ANA MARIA MIGLIORA','',1,18),(19,'JUAN LAVALLE','ESTANCIA GRANDE','MARIA ROSA VOLPI','',1,19),(20,'CAETANO SILVA','PUEBLO FERRE','GRACIELA CHESSINI DE HIDALGO','NO',1,20),(21,'LUIS RODRIGUEZ','PUERTO YERUA','MARIA MARTA SANSONI','499-1045',1,21),(22,'MADRE PATRIA','CALABACILLA','GUTIERREZ SOLEDAD','',1,22),(23,'ANDERSON','COLONIA YERUA','OLGA SOMMER DE MARINI','',1,23),(24,'EL ESCONDIDO','CLOROMIRO LEDESMA','ANA GALLO DE CABRERA','',1,24),(27,'NTRA SRA DE LOURDES','LEGUIZAM','','',1,27),(28,'TOMAS EDISON','NUEVA ESCOCIA','JOSE EDUARDO BERTOCHI','',1,28),(30,'ALINA P. DE MATHERON','PUERTO YERUA','EVA ACEVEDO MI','',1,30),(31,'SANTA LUCIA','Aristobulo del valle 476','','421-7928',1,31),(32,'NTRA SRA DEL SILENCIO','Ruta 4 Km 5.','','422-5205',1,32),(33,'PASO A PASO','COLONIA SAN JUSTO','CRISTINA TEJERA','',1,33),(34,'ESTEBAN ECHEVERRIA','AVENIDA CASTRO 430','LEONOR KAMIN DE ELBERG','422-9914',1,34),(35,'ALMIRANTE BROWN (NOCT.)','BELGRANO Y NESTOR GARAT','MARIA OLGA GOMEZ OLGA','',1,35),(36,'DAMIAN P. GARAT','ESTACION YERUA','JORGE FONTANARI','',1,36),(38,'LUIS N. PALMA','ESTACION YUQUERI','ROSA BOCANEGRA DE TORALE','',1,38),(39,'JOSE N. PAZ','COLONIA SAN JUSTO','MABEL MIGOYA DE MORINICO','',1,39),(41,'BATALLA DE CHACABUCO','OSVALDO MAGNASCO','RAQUEL ROSSEAU DE COLOMBO','',1,41),(42,'Gra. M. BELGRANO','ENTRE RIOS 1015','RAQUEL ORTIZ DE COLOMBO','421-4710',1,42),(43,'BERNARDINO RIVADAVIA','LAMADRID 945','ESTELA GARCIA DE DI MAIO','421-2354',1,43),(44,'MARIANO MORENO','B. DE. HIRIGOYEN 496','LUCRECIA E. DE FERNANDEZ','421-2004',1,44),(45,'FRAY LUIS DELTRAN (NOCT.)','ENTRE RIOS 1015','SARA LORENZO DE VITON','421-9660',1,45),(46,'ELENA L. DE ROFFO','LOS CHARRUAS','ALICIA MARSILLI DE GALLARDO','490-7032',1,46),(47,'JUSTA GAYOSO','BENITO LEGEREN','ALICIA V. DE ALBARENQUE','499-5082',1,47),(49,'GREGORIA PEREZ','SAN BONIFACIO','CRISTINA M. DE LAROCCA','',1,49),(50,'ELIAS ROMERO','PUNTAS DE MOREIRA','LEIVA OSCAR','3454421225',1,50),(51,'FELIPE GARDEL','MOULINS Y VILLAGUAY','SILVIA GRIEVE','427-1046',1,51),(52,'DOS NACIONES','LA BIANCA','ROSA TAMAY DE COUSIDO','425-1686',1,52),(53,'SAN MARTIN','SAN LORENZO 0.','ELSA NORMA TERAMO','421-3503',1,53),(54,'SALTA','BOLIVIA 581','TERESA OLIVERA DE BASTAN','422-1276',1,54),(55,'NTRA SRA DE ITAT','Per','','421-8848',1,55),(56,'ANGEL C. BARDELLI','PUERTO VERUA','GUSTAVO IGLESIAS','',1,56),(57,'BELGRANO','H. IRIGOYEN 1380','ALGA GAL VARINI','421-6206',1,57),(58,'DE LOS INMIGRANTES','COLONIA LOMA NEGRA','MATILDE MINAGLIA DE MASETTI','',1,58),(59,'EL RAB','COLONIA SANTA ISABEL','MEDINA CARLOS','NO',1,59),(60,'MANUEL DE OLAZABAL.','PEDERNAL','DORA IGARZA DE BENITEZ','',1,60),(61,'MI PATRIA CHICA','COLONIA SAN BONIFACIO','EMA MIRTA ALVAREZ','',1,61),(62,'CARLOS VILLAMIL','EL REDOMON','MARIA GARC','',1,62),(63,'HERNANDO A. SAAVEDRA','COLONIA URQUIZA','CRISTINA RUBIN','',1,63),(64,'JUAN E. ALBERDI','LA CRIOLLA','ROSA VALLEJOS DE TISOCCO','490-0010',1,64),(65,'ALMIRANTE BROWN','VILLA ADELA','YOLANDA CATTANEO DE RAMAT','429-0193',1,65),(66,'RCA. O. DEL URUGUAY','PELLEGRINI 136','STELLA F. DE AGOSTINI','421-0843',1,66),(67,'ADOLFO GUIDOBONO','LA QUERENCIA','CRISTINA GALLEGOS DE RAUCH','',1,67),(68,'MALVINAS ARGENTINAS','LA BIANCA','MARIA SAUCEDO DE RODRIGUEZ','425-1463',1,68),(69,'SAN FRANCISCO','DR ALDAS Y 2 DE ABRIL','','',1,69),(70,'EVA DUARTE','LIEBERMAN Y VILLAGUAY','SILVIA RUBO DE CEDERMAZ','',1,70),(71,'INDEPENDENCIA','BVARD. YUQUERI 141','MARIA DEL CARMEN P. DE SIBLEN','',1,71),(72,'TRABAJADOR COMUNITARIO','Brio. SAN AGUSTIN','ALCIRA SPINELLI DE GIMENEZ','',1,72),(73,'PANCHO RAMIREZ','PTE. ILIAS Y YUQUERI','LILIANA MARSILLI DE DALZOTO','',1,73),(74,'GRAL. JUAN JOSE VALLE','MARIA INES LOPEZ','MARIA ELORDI DE VILLARRUEL','421-9660',1,74),(81,'JESUS DE NAZARENO','Illia 255','','427-2611',1,81),(115,'JOSE E. RIVERA','COLONIA LOS SAUCES','ELIDA LEONOR DIAZ','',1,115),(131,'EL CHIMBORAZO','COLONIA URQUIZA','ANDRES FRACARO','',1,131),(132,'BENITO JUAREZ','ESTACION YUQUERI','PATRICIA VAZQUEZ DE ZILONI','421-6639',1,132),(155,'JUSTO JOSE DE URQUIZA','SAN MARTIN 36','CARMEN GODOY DE MACE','421-3010',1,155),(156,'COL. DE LOS INMIGRANTES','LA CRIOLLA','','',1,156),(157,'ESP 01','ESTRADA 553','LILIANA SONEYRA DE PAREDES','421-5562',1,157),(158,'ESP 02 AZAHARES','SARGENTO CABRAL','MERCEDES ORIESER DE TECHERA','422-4686',1,158),(159,'ESP 25 DE SORDOS','LA RIOJA','ALEJANDRA BOCALANDRO','421-0762',1,159),(160,'ESP 07 GURISITO COSTERO (Maternal)','LA BIANCA','SILVIA BELLEZA DE PESSOLANI','',1,160),(161,'MAT 03 MATERNAL 3','GUEMES Y PERU','OLGA SABRE DE BORDOLLI','',1,161);
/*!40000 ALTER TABLE `escuelas` ENABLE KEYS */;
UNLOCK TABLES;

--
-- Table structure for table `login_attempts`
--

DROP TABLE IF EXISTS `login_attempts`;
SET @saved_cs_client     = @@character_set_client;
SET character_set_client = utf8;
CREATE TABLE `login_attempts` (
  `id` int(11) NOT NULL auto_increment,
  `ip_address` varchar(40) collate utf8_bin NOT NULL,
  `login` varchar(50) collate utf8_bin NOT NULL,
  `time` timestamp NOT NULL default CURRENT_TIMESTAMP on update CURRENT_TIMESTAMP,
  PRIMARY KEY  (`id`)
) ENGINE=InnoDB DEFAULT CHARSET=utf8 COLLATE=utf8_bin;
SET character_set_client = @saved_cs_client;

--
-- Dumping data for table `login_attempts`
--

LOCK TABLES `login_attempts` WRITE;
/*!40000 ALTER TABLE `login_attempts` DISABLE KEYS */;
/*!40000 ALTER TABLE `login_attempts` ENABLE KEYS */;
UNLOCK TABLES;

--
-- Table structure for table `modulos`
--

DROP TABLE IF EXISTS `modulos`;
SET @saved_cs_client     = @@character_set_client;
SET character_set_client = utf8;
CREATE TABLE `modulos` (
  `id` int(11) NOT NULL,
  `nombre` varchar(15) collate utf8_bin NOT NULL,
  `link` varchar(30) collate utf8_bin NOT NULL,
  `clase` varchar(15) collate utf8_bin default NULL,
  PRIMARY KEY  (`id`)
) ENGINE=InnoDB DEFAULT CHARSET=utf8 COLLATE=utf8_bin COMMENT='tabla de modulos del menu ';
SET character_set_client = @saved_cs_client;

--
-- Dumping data for table `modulos`
--

LOCK TABLES `modulos` WRITE;
/*!40000 ALTER TABLE `modulos` DISABLE KEYS */;
INSERT INTO `modulos` VALUES (0,'Configuracion','cfg','Configuracion'),(1,'Pezquizas','pesquizas','Pezquizas'),(2,'Diagnostico','diag','Diagnostico');
/*!40000 ALTER TABLE `modulos` ENABLE KEYS */;
UNLOCK TABLES;

--
-- Table structure for table `perfil`
--

DROP TABLE IF EXISTS `perfil`;
SET @saved_cs_client     = @@character_set_client;
SET character_set_client = utf8;
CREATE TABLE `perfil` (
  `id` int(11) NOT NULL,
  `apellido` varchar(60) collate utf8_bin default NULL,
  `nombre` varchar(60) collate utf8_bin default NULL,
  `telefono` varchar(20) collate utf8_bin default NULL,
  PRIMARY KEY  (`id`)
) ENGINE=InnoDB DEFAULT CHARSET=utf8 COLLATE=utf8_bin COMMENT='datos del perfil de usuario';
SET character_set_client = @saved_cs_client;

--
-- Dumping data for table `perfil`
--

LOCK TABLES `perfil` WRITE;
/*!40000 ALTER TABLE `perfil` DISABLE KEYS */;
INSERT INTO `perfil` VALUES (1,'Bertoni','Daniel','4213665'),(2,'funes','florencia','4224839');
/*!40000 ALTER TABLE `perfil` ENABLE KEYS */;
UNLOCK TABLES;

--
-- Table structure for table `pesquizas`
--

DROP TABLE IF EXISTS `pesquizas`;
SET @saved_cs_client     = @@character_set_client;
SET character_set_client = utf8;
CREATE TABLE `pesquizas` (
  `id` int(11) NOT NULL auto_increment,
  `fecha` date NOT NULL,
  `voluntario_id` int(11) NOT NULL,
  `cant_alum` int(11) NOT NULL,
  `cant_pres` int(11) NOT NULL,
  `cant_prob` int(11) NOT NULL,
  `programa_id` int(10) unsigned NOT NULL,
  `escuela_id` int(10) unsigned NOT NULL,
  `grado` varchar(45) collate utf8_bin NOT NULL,
  `division` varchar(45) collate utf8_bin NOT NULL,
  `turno` varchar(45) collate utf8_bin NOT NULL,
  `fechadiag` date NOT NULL,
  `horadiag` time NOT NULL,
  PRIMARY KEY  (`id`)
) ENGINE=InnoDB AUTO_INCREMENT=243 DEFAULT CHARSET=utf8 COLLATE=utf8_bin;
SET character_set_client = @saved_cs_client;

--
-- Dumping data for table `pesquizas`
--

LOCK TABLES `pesquizas` WRITE;
/*!40000 ALTER TABLE `pesquizas` DISABLE KEYS */;
INSERT INTO `pesquizas` VALUES (1,'2011-05-01',1,100,95,10,1,2,'1','','T','2011-07-02','16:30:00'),(2,'2011-05-01',1,20,15,3,1,2,'6','','T','2011-07-02','16:30:00'),(3,'2011-05-01',1,26,25,4,1,3,'1','A','M','2011-07-03','11:00:00'),(4,'2011-05-01',1,27,24,3,1,3,'1','B','M','2011-07-03','11:00:00'),(5,'2011-05-01',1,27,21,8,1,3,'2','A','M','2011-07-03','11:00:00'),(6,'2011-05-01',1,27,20,3,1,3,'2','B','M','2011-07-03','11:00:00'),(7,'2011-05-01',1,18,18,3,1,3,'3','A','M','2011-07-03','11:00:00'),(8,'2011-05-01',1,23,18,5,1,3,'3','B','M','2011-07-03','11:00:00'),(9,'2011-05-01',1,20,15,6,1,3,'3','C','M','2011-07-03','11:00:00'),(10,'2011-05-01',1,26,18,1,1,3,'1','C','T','2011-07-03','11:00:00'),(11,'2011-05-01',1,27,19,3,1,3,'1','D','T','2011-07-03','11:00:00'),(12,'2011-05-01',1,27,16,3,1,3,'2','C','T','2011-07-03','11:00:00'),(13,'2011-05-01',1,27,20,1,1,3,'2','D','T','2011-07-03','11:00:00'),(14,'2011-05-01',1,24,16,1,1,3,'3','D','T','2011-07-03','11:00:00'),(15,'2011-05-01',1,25,19,4,1,3,'3','E','T','2011-07-03','11:00:00'),(16,'2011-05-01',1,18,17,1,1,3,'3','F','T','2011-07-03','11:00:00'),(17,'2011-05-01',1,10,8,1,1,6,'1','A','T','2011-07-02','11:30:00'),(18,'2011-05-01',1,10,7,2,1,6,'1','B','T','2011-07-02','11:30:00'),(19,'2011-05-01',1,7,5,1,1,6,'2','A','T','2011-07-02','11:30:00'),(20,'2011-05-01',1,8,6,0,1,6,'2','B','T','2011-07-02','11:30:00'),(21,'2011-05-01',1,17,16,1,1,6,'3','A','T','2011-07-02','11:30:00'),(22,'2011-05-01',1,17,9,1,1,6,'3','B','T','2011-07-02','11:30:00'),(23,'2011-05-01',1,0,0,1,1,6,'6','','T','2011-07-02','11:30:00'),(24,'2011-05-01',1,25,21,13,1,8,'2','A','M','2011-07-02','08:30:00'),(25,'2011-05-01',1,24,24,4,1,8,'3','A','M','2011-07-02','08:30:00'),(26,'2011-05-01',1,29,18,1,1,8,'2','B','T','2011-07-02','08:30:00'),(27,'2011-05-01',1,23,21,0,1,8,'3','B','T','2011-07-02','08:30:00'),(28,'2011-05-01',1,21,21,3,1,8,'3','C','T','2011-07-02','08:30:00'),(29,'2011-05-01',1,11,11,6,1,8,'1','','','2011-07-02','08:30:00'),(30,'2011-05-01',1,0,0,4,1,8,'6','','','2011-07-02','08:30:00'),(31,'2011-05-01',1,22,22,2,1,9,'1','A','M','2011-07-02','16:30:00'),(32,'2011-05-01',1,18,18,1,1,9,'1','B','M','2011-07-02','16:30:00'),(33,'2011-05-01',1,19,13,0,1,9,'2','A','M','2011-07-02','16:30:00'),(34,'2011-05-01',1,20,10,1,1,9,'3','A','M','2011-07-02','16:30:00'),(35,'2011-05-01',1,0,0,1,1,9,'6','D','M','2011-07-02','16:30:00'),(36,'2011-05-01',1,0,0,1,1,9,'6','D','M','2011-07-02','16:30:00'),(37,'2011-05-01',1,24,24,2,1,9,'2','B','T','2011-07-02','16:30:00'),(38,'2011-05-01',1,26,26,3,1,9,'2','C','T','2011-07-02','16:30:00'),(39,'2011-05-01',1,26,26,0,1,9,'3','B','T','2011-07-02','16:30:00'),(40,'2011-05-01',1,25,25,8,1,9,'3','C','T','2011-07-02','16:30:00'),(41,'2011-05-01',1,19,17,0,1,10,'2','A','M','2011-07-03','08:30:00'),(42,'2011-05-01',1,18,12,3,1,10,'2','B','M','2011-07-03','08:30:00'),(43,'2011-05-01',1,22,12,1,1,10,'3','A','M','2011-07-03','08:30:00'),(44,'2011-05-01',1,23,18,1,1,10,'3','B','M','2011-07-03','08:30:00'),(45,'2011-05-01',1,22,22,4,1,10,'2','C','T','2011-07-03','08:30:00'),(46,'2011-05-01',1,19,12,8,1,10,'3','C','T','2011-07-03','08:30:00'),(47,'2011-05-01',1,19,19,1,1,10,'3','D','T','2011-07-03','08:30:00'),(48,'2011-05-01',1,53,45,3,1,10,'1','','','2011-07-03','08:30:00'),(49,'2011-05-01',1,20,17,2,1,11,'1','A','M','2011-07-02','15:30:00'),(50,'2011-05-01',1,18,12,3,1,11,'1','C','M','2011-07-02','15:30:00'),(51,'2011-05-01',1,20,16,2,1,11,'2','A','M','2011-07-02','15:30:00'),(52,'2011-05-01',1,22,20,7,1,11,'2','C','M','2011-07-02','15:30:00'),(53,'2011-05-01',1,24,22,6,1,11,'3','A','M','2011-07-02','15:30:00'),(54,'2011-05-01',1,27,27,4,1,11,'1','B','T','2011-07-02','15:30:00'),(55,'2011-05-01',1,20,16,2,1,11,'2','B','T','2011-07-02','15:30:00'),(56,'2011-05-01',1,21,18,4,1,11,'3','B','T','2011-07-02','15:30:00'),(57,'2011-05-01',1,23,21,2,1,11,'3','C','T','2011-07-02','15:30:00'),(58,'2011-05-01',1,21,16,4,1,14,'2','A','M','2011-07-02','09:00:00'),(59,'2011-05-01',1,24,18,6,1,14,'2','B','M','2011-07-02','09:00:00'),(60,'2011-05-01',1,23,23,6,1,14,'2','C','M','2011-07-02','09:00:00'),(61,'2011-05-01',1,21,20,5,1,14,'3','A','M','2011-07-02','09:00:00'),(62,'2011-05-01',1,21,19,3,1,14,'3','B','M','2011-07-02','09:00:00'),(63,'2011-05-01',1,18,15,0,1,14,'3','E','M','2011-07-02','09:00:00'),(64,'2011-05-01',1,27,27,5,1,14,'2','D','T','2011-07-02','09:00:00'),(65,'2011-05-01',1,25,24,1,1,14,'2','E','T','2011-07-02','09:00:00'),(66,'2011-05-01',1,22,20,3,1,14,'3','C','T','2011-07-02','09:00:00'),(67,'2011-05-01',1,23,20,3,1,14,'3','D','T','2011-07-02','09:00:00'),(68,'2011-05-01',1,86,77,10,1,14,'1','','','2011-07-02','09:00:00'),(69,'2011-05-01',1,28,26,5,1,15,'2','B','T','2011-07-03','10:15:00'),(70,'2011-05-01',1,30,30,5,1,15,'2','C','T','2011-07-03','10:15:00'),(71,'2011-05-01',1,31,25,11,1,15,'3','A','T','2011-07-03','10:15:00'),(72,'2011-05-01',1,25,22,12,1,15,'3','B','T','2011-07-03','10:15:00'),(73,'2011-05-01',1,24,22,12,1,15,'3','C','T','2011-07-03','10:15:00'),(74,'2011-05-01',1,8,8,2,1,15,'3','E','T','2011-07-03','10:15:00'),(75,'2011-05-01',1,20,20,1,1,18,'1','A','M','1900-01-00','00:00:00'),(76,'2011-05-01',1,21,16,0,1,18,'2','A','M','1900-01-00','00:00:00'),(77,'2011-05-01',1,28,23,0,1,18,'3','A','M','1900-01-00','00:00:00'),(78,'2011-05-01',1,22,20,6,1,27,'1','A','ST','2011-07-02','16:30:00'),(79,'2011-05-01',1,22,20,7,1,27,'1','B','ST','2011-07-02','16:30:00'),(80,'2011-05-01',1,22,20,1,1,27,'1','C','ST','2011-07-02','16:30:00'),(81,'2011-05-01',1,24,21,0,1,27,'2','A','ST','2011-07-02','16:30:00'),(82,'2011-05-01',1,24,21,2,1,27,'2','B','ST','2011-07-02','16:30:00'),(83,'2011-05-01',1,23,19,2,1,27,'3','A','ST','2011-07-02','16:30:00'),(84,'2011-05-01',1,26,21,1,1,27,'3','B','ST','2011-07-02','16:30:00'),(85,'2011-05-01',1,0,0,1,1,27,'4','A','ST','2011-07-02','16:30:00'),(86,'2011-05-01',1,0,0,1,1,27,'4','B','ST','2011-07-02','16:30:00'),(87,'2011-05-01',1,0,0,1,1,27,'6','B','ST','2011-07-02','16:30:00'),(88,'2011-05-01',1,75,69,19,1,31,'1','','T','2011-07-03','10:15:00'),(89,'2011-05-01',1,26,25,5,1,31,'2','A','T','2011-07-03','10:15:00'),(90,'2011-05-01',1,25,22,7,1,31,'2','B','T','2011-07-03','10:15:00'),(91,'2011-05-01',1,26,24,4,1,31,'2','C','T','2011-07-03','10:15:00'),(92,'2011-05-01',1,27,26,6,1,31,'3','A','T','2011-07-03','10:15:00'),(93,'2011-05-01',1,25,21,5,1,31,'3','B','T','2011-07-03','10:15:00'),(94,'2011-05-01',1,26,24,6,1,31,'3','C','T','2011-07-03','10:15:00'),(95,'2011-05-01',1,0,0,2,1,31,'6','','T','2011-07-03','10:15:00'),(96,'2011-05-01',1,0,0,1,1,32,'0','0','SM','2011-07-02','10:30:00'),(97,'2011-05-01',1,27,23,5,1,32,'1','A','SM','2011-07-02','10:30:00'),(98,'2011-05-01',1,12,11,1,1,32,'1','B','SM','2011-07-02','10:30:00'),(99,'2011-05-01',1,24,23,5,1,32,'2','A','SM','2011-07-02','10:30:00'),(100,'2011-05-01',1,22,21,5,1,32,'3','A','SM','2011-07-02','10:30:00'),(101,'2011-05-01',1,18,18,0,1,34,'1','A','M','2011-07-02','11:30:00'),(102,'2011-05-01',1,18,16,1,1,34,'2','A','M','2011-07-02','11:30:00'),(103,'2011-05-01',1,24,22,1,1,34,'3','A','M','2011-07-02','11:30:00'),(104,'2011-05-01',1,18,18,0,1,34,'1','A','T','2011-07-02','11:30:00'),(105,'2011-05-01',1,15,15,1,1,34,'2','C','T','2011-07-02','11:30:00'),(106,'2011-05-01',1,19,18,1,1,34,'3','B','T','2011-07-02','11:30:00'),(107,'2011-05-01',1,78,69,12,1,44,'1','','ST','2011-07-03','08:30:00'),(108,'2011-05-01',1,23,17,2,1,44,'2','A','ST','2011-07-03','08:30:00'),(109,'2011-05-01',1,20,17,9,1,44,'2','B','ST','2011-07-03','08:30:00'),(110,'2011-05-01',1,25,24,10,1,44,'2','C','ST','2011-07-03','08:30:00'),(111,'2011-05-01',1,20,15,3,1,44,'2','D','ST','2011-07-03','08:30:00'),(112,'2011-05-01',1,20,16,2,1,44,'3','A','ST','2011-07-03','08:30:00'),(113,'2011-05-01',1,23,23,0,1,44,'3','B','ST','2011-07-03','08:30:00'),(114,'2011-05-01',1,23,23,9,1,44,'3','C','ST','2011-07-03','08:30:00'),(115,'2011-05-01',1,25,19,0,1,51,'1','A','M','2011-07-02','10:30:00'),(116,'2011-05-01',1,25,24,1,1,51,'1','B','M','2011-07-02','10:30:00'),(117,'2011-05-01',1,32,27,7,1,51,'2','A','M','2011-07-02','10:30:00'),(118,'2011-05-01',1,25,21,5,1,51,'2','B','M','2011-07-02','10:30:00'),(119,'2011-05-01',1,32,28,2,1,51,'3','A','M','2011-07-02','10:30:00'),(120,'2011-05-01',1,36,32,4,1,51,'3','B','M','2011-07-02','10:30:00'),(121,'2011-05-01',1,27,17,2,1,51,'1','C','T','2011-07-02','10:30:00'),(122,'2011-05-01',1,27,21,1,1,51,'1','D','T','2011-07-02','10:30:00'),(123,'2011-05-01',1,12,10,2,1,51,'1','E','T','2011-07-02','10:30:00'),(124,'2011-05-01',1,29,24,3,1,51,'2','C','T','2011-07-02','10:30:00'),(125,'2011-05-01',1,29,25,5,1,51,'2','D','T','2011-07-02','10:30:00'),(126,'2011-05-01',1,25,22,4,1,51,'3','C','T','2011-07-02','10:30:00'),(127,'2011-05-01',1,25,20,5,1,51,'3','D','T','2011-07-02','10:30:00'),(128,'2011-05-01',1,27,25,2,1,51,'3','E','T','2011-07-02','10:30:00'),(129,'2011-05-01',1,1,1,1,1,51,'4','A','T','2011-07-02','10:30:00'),(130,'2011-05-01',1,27,27,2,1,52,'1','A','M','2011-07-02','08:30:00'),(131,'2011-05-01',1,26,26,11,1,52,'1','B','M','2011-07-02','08:30:00'),(132,'2011-05-01',1,27,22,2,1,52,'2','A','M','2011-07-02','08:30:00'),(133,'2011-05-01',1,27,21,8,1,52,'2','B','M','2011-07-02','08:30:00'),(134,'2011-05-01',1,28,23,2,1,52,'3','A','M','2011-07-02','08:30:00'),(135,'2011-05-01',1,25,20,2,1,52,'3','B','M','2011-07-02','08:30:00'),(136,'2011-05-01',1,26,21,0,1,52,'3','C','M','2011-07-02','08:30:00'),(137,'2011-05-01',1,0,0,1,1,52,'4','A','M','2011-07-02','08:30:00'),(138,'2011-05-01',1,0,0,1,1,52,'4','C','M','2011-07-02','08:30:00'),(139,'2011-05-01',1,27,27,1,1,52,'1','C','T','2011-07-02','08:30:00'),(140,'2011-05-01',1,27,27,0,1,52,'1','D','T','2011-07-02','08:30:00'),(141,'2011-05-01',1,18,18,1,1,52,'2','C','T','2011-07-02','08:30:00'),(142,'2011-05-01',1,18,18,1,1,52,'2','D','T','2011-07-02','08:30:00'),(143,'2011-05-01',1,18,18,0,1,52,'2','E','T','2011-07-02','08:30:00'),(144,'2011-05-01',1,25,22,2,1,52,'3','D','T','2011-07-02','08:30:00'),(145,'2011-05-01',1,26,23,1,1,52,'3','E','T','2011-07-02','08:30:00'),(146,'2011-05-01',1,25,21,4,1,53,'2','A','M','2011-07-02','08:30:00'),(147,'2011-05-01',1,25,21,7,1,53,'2','B','M','2011-07-02','08:30:00'),(148,'2011-05-01',1,28,27,3,1,53,'3','A','M','2011-07-02','08:30:00'),(149,'2011-05-01',1,28,23,4,1,53,'3','B','M','2011-07-02','08:30:00'),(150,'2011-05-01',1,27,26,7,1,53,'2','C','T','2011-07-02','08:30:00'),(151,'2011-05-01',1,24,21,5,1,53,'2','D','T','2011-07-02','08:30:00'),(152,'2011-05-01',1,26,22,5,1,53,'3','C','T','2011-07-02','08:30:00'),(153,'2011-05-01',1,27,27,0,1,53,'3','D','T','2011-07-02','08:30:00'),(154,'2011-05-01',1,10,10,7,1,53,'1','','','2011-07-02','08:30:00'),(155,'2011-05-01',1,0,0,3,1,53,'6','','','2011-07-02','08:30:00'),(156,'2011-05-01',1,30,25,5,1,55,'2','A','M','2011-07-02','13:50:00'),(157,'2011-05-01',1,32,31,7,1,55,'3','A','M','2011-07-02','13:50:00'),(158,'2011-05-01',1,31,27,7,1,55,'2','B','T','2011-07-02','13:50:00'),(159,'2011-05-01',1,32,29,5,1,55,'3','B','T','2011-07-02','13:50:00'),(160,'2011-05-01',1,58,58,6,1,55,'1','','','2011-07-02','13:50:00'),(161,'2011-05-01',1,27,25,6,1,57,'2','A','M','2011-07-03','13:00:00'),(162,'2011-05-01',1,27,24,4,1,57,'2','B','M','2011-07-03','13:00:00'),(163,'2011-05-01',1,25,20,8,1,57,'3','A','M','2011-07-03','13:00:00'),(164,'2011-05-01',1,23,18,5,1,57,'3','B','M','2011-07-03','13:00:00'),(165,'2011-05-01',1,20,19,5,1,57,'2','C','T','2011-07-03','13:00:00'),(166,'2011-05-01',1,21,19,9,1,57,'2','D','T','2011-07-03','13:00:00'),(167,'2011-05-01',1,15,13,1,1,57,'2','E','T','2011-07-03','13:00:00'),(168,'2011-05-01',1,24,22,3,1,57,'3','C','T','2011-07-03','13:00:00'),(169,'2011-05-01',1,24,23,0,1,57,'3','D','T','2011-07-03','13:00:00'),(170,'2011-05-01',1,99,99,17,1,57,'1','','','2011-07-03','13:00:00'),(171,'2011-05-01',1,24,22,6,1,65,'1','A','M','2011-07-02','10:30:00'),(172,'2011-05-01',1,23,21,1,1,65,'1','B','M','2011-07-02','10:30:00'),(173,'2011-05-01',1,23,19,1,1,65,'2','A','M','2011-07-02','10:30:00'),(174,'2011-05-01',1,21,19,0,1,65,'2','D','M','2011-07-02','10:30:00'),(175,'2011-05-01',1,23,20,1,1,65,'3','A','M','2011-07-02','10:30:00'),(176,'2011-05-01',1,25,23,1,1,65,'3','B','M','2011-07-02','10:30:00'),(177,'2011-05-01',1,12,12,0,1,66,'2','A','M','2011-07-02','16:30:00'),(178,'2011-05-01',1,11,11,0,1,66,'2','B','M','2011-07-02','16:30:00'),(179,'2011-05-01',1,21,17,2,1,66,'3','A','M','2011-07-02','16:30:00'),(180,'2011-05-01',1,19,19,5,1,66,'1','','ST','2011-07-02','16:30:00'),(181,'2011-05-01',1,0,0,1,1,66,'6','','ST','2011-07-02','16:30:00'),(182,'2011-05-01',1,26,26,1,1,68,'1','A','M','2011-07-02','08:30:00'),(183,'2011-05-01',1,26,26,2,1,68,'1','C','M','2011-07-02','08:30:00'),(184,'2011-05-01',1,24,19,3,1,68,'2','A','M','2011-07-02','08:30:00'),(185,'2011-05-01',1,26,22,0,1,68,'3','A','M','2011-07-02','08:30:00'),(186,'2011-05-01',1,24,19,8,1,68,'1','B','T','2011-07-02','08:30:00'),(187,'2011-05-01',1,24,18,2,1,68,'2','A','T','2011-07-02','08:30:00'),(188,'2011-05-01',1,18,15,0,1,68,'3','B','T','2011-07-02','08:30:00'),(189,'2011-05-01',1,18,15,4,1,68,'3','C','T','2011-07-02','08:30:00'),(190,'2011-05-01',1,26,22,3,1,69,'1','A','ST','2011-07-02','13:30:00'),(191,'2011-05-01',1,25,25,6,1,69,'1','B','ST','2011-07-02','13:30:00'),(192,'2011-05-01',1,27,27,5,1,69,'1','C','ST','2011-07-02','13:30:00'),(193,'2011-05-01',1,25,23,5,1,69,'2','A','ST','2011-07-02','13:30:00'),(194,'2011-05-01',1,26,23,5,1,69,'2','B','ST','2011-07-02','13:30:00'),(195,'2011-05-01',1,21,20,0,1,69,'2','C','ST','2011-07-02','13:30:00'),(196,'2011-05-01',1,29,28,4,1,69,'3','A','ST','2011-07-02','13:30:00'),(197,'2011-05-01',1,26,26,4,1,69,'3','B','ST','2011-07-02','13:30:00'),(198,'2011-05-01',1,27,27,3,1,69,'3','C','ST','2011-07-02','13:30:00'),(199,'2011-05-01',1,28,22,2,1,70,'1','D','M','2011-07-02','15:00:00'),(200,'2011-05-01',1,28,24,6,1,70,'1','E','M','2011-07-02','15:00:00'),(201,'2011-05-01',1,28,22,3,1,70,'1','F','M','2011-07-02','15:00:00'),(202,'2011-05-01',1,26,25,1,1,70,'2','C','M','2011-07-02','15:00:00'),(203,'2011-05-01',1,27,24,3,1,70,'2','D','M','2011-07-02','15:00:00'),(204,'2011-05-01',1,26,25,1,1,70,'2','E','M','2011-07-02','15:00:00'),(205,'2011-05-01',1,29,27,3,1,70,'3','A','M','2011-07-02','15:00:00'),(206,'2011-05-01',1,28,26,4,1,70,'3','D','M','2011-07-02','15:00:00'),(207,'2011-05-01',1,1,1,1,1,70,'4','Exc.','M','2011-07-02','15:00:00'),(208,'2011-05-01',1,30,25,6,1,70,'1','A','T','2011-07-02','15:00:00'),(209,'2011-05-01',1,28,20,2,1,70,'1','B','T','2011-07-02','15:00:00'),(210,'2011-05-01',1,30,26,8,1,70,'1','C','T','2011-07-02','15:00:00'),(211,'2011-05-01',1,28,25,3,1,70,'2','A','T','2011-07-02','15:00:00'),(212,'2011-05-01',1,28,25,6,1,70,'2','B','T','2011-07-02','15:00:00'),(213,'2011-05-01',1,32,30,2,1,70,'2','F','T','2011-07-02','15:00:00'),(214,'2011-05-01',1,27,26,2,1,70,'3','B','T','2011-07-02','15:00:00'),(215,'2011-05-01',1,27,24,4,1,70,'3','C','T','2011-07-02','15:00:00'),(216,'2011-05-01',1,24,22,3,1,70,'3','E','T','2011-07-02','15:00:00'),(217,'2011-05-01',1,27,19,1,1,71,'1','A','M','2011-07-02','13:30:00'),(218,'2011-05-01',1,21,15,3,1,71,'2','A','M','2011-07-02','13:30:00'),(219,'2011-05-01',1,21,13,5,1,71,'2','B','M','2011-07-02','13:30:00'),(220,'2011-05-01',1,19,16,3,1,71,'3','A','M','2011-07-02','13:30:00'),(221,'2011-05-01',1,20,16,10,1,71,'3','B','M','2011-07-02','13:30:00'),(222,'2011-05-01',1,28,25,9,1,71,'1','B','T','2011-07-02','13:30:00'),(223,'2011-05-01',1,28,21,2,1,71,'1','C','T','2011-07-02','13:30:00'),(224,'2011-05-01',1,22,19,2,1,71,'2','C','T','2011-07-02','13:30:00'),(225,'2011-05-01',1,22,20,1,1,71,'2','D','T','2011-07-02','13:30:00'),(226,'2011-05-01',1,23,19,2,1,71,'3','C','T','2011-07-02','13:30:00'),(227,'2011-05-01',1,25,19,2,1,71,'3','D','T','2011-07-02','13:30:00'),(228,'2011-05-01',1,1,1,1,1,71,'5','A','T','2011-07-02','13:30:00'),(229,'2011-05-01',1,24,20,1,1,73,'2','A','ST','2011-07-02','13:30:00'),(230,'2011-05-01',1,21,19,3,1,73,'2','B','ST','2011-07-02','13:30:00'),(231,'2011-05-01',1,22,20,3,1,73,'2','D','ST','2011-07-02','13:30:00'),(232,'2011-05-01',1,27,26,9,1,73,'3','A','ST','2011-07-02','13:30:00'),(233,'2011-05-01',1,26,22,10,1,73,'3','B','ST','2011-07-02','13:30:00'),(234,'2011-05-01',1,27,21,6,1,73,'3','C','ST','2011-07-02','13:30:00'),(235,'2011-05-01',1,27,26,8,1,73,'3','D','ST','2011-07-02','13:30:00'),(236,'2011-05-01',1,93,93,7,1,81,'1','','T','2011-07-03','08:30:00'),(237,'2011-05-01',1,29,27,10,1,81,'2','A','T','2011-07-03','08:30:00'),(238,'2011-05-01',1,30,19,1,1,81,'2','B','T','2011-07-03','08:30:00'),(239,'2011-05-01',1,28,23,4,1,81,'2','C','T','2011-07-03','08:30:00'),(240,'2011-05-01',1,29,28,3,1,81,'3','A','T','2011-07-03','08:30:00'),(241,'2011-05-01',1,30,28,6,1,81,'3','B','T','2011-07-03','08:30:00'),(242,'2011-05-01',1,29,26,4,1,81,'3','C','T','2011-07-03','08:30:00');
/*!40000 ALTER TABLE `pesquizas` ENABLE KEYS */;
UNLOCK TABLES;

--
-- Table structure for table `programas`
--

DROP TABLE IF EXISTS `programas`;
SET @saved_cs_client     = @@character_set_client;
SET character_set_client = utf8;
CREATE TABLE `programas` (
  `id` bigint(20) NOT NULL auto_increment,
  `nombre` varchar(60) collate utf8_bin NOT NULL,
  `club_id` bigint(20) NOT NULL,
  `fecini_pesq` date default NULL,
  `fecfin_pesq` date default NULL,
  `estado` tinyint(4) NOT NULL COMMENT '0 - terminado | 1 - en proceso',
  `ciudad_id` int(10) unsigned NOT NULL,
  `fecini_diag` date default NULL,
  `fecfin_diag` date default NULL,
  `fecini_lent` date default NULL,
  `fecfin_lent` date default NULL,
  PRIMARY KEY  (`id`),
  KEY `club_id` (`club_id`,`fecini_pesq`,`fecfin_pesq`,`estado`)
) ENGINE=InnoDB AUTO_INCREMENT=3 DEFAULT CHARSET=utf8 COLLATE=utf8_bin COMMENT='tabla de los programas vigentes';
SET character_set_client = @saved_cs_client;

--
-- Dumping data for table `programas`
--

LOCK TABLES `programas` WRITE;
/*!40000 ALTER TABLE `programas` DISABLE KEYS */;
INSERT INTO `programas` VALUES (1,'No juegues con tus ojos',1,'2011-05-10','2011-06-23',1,1,'2011-07-02','2011-07-03','2011-11-05','2011-11-05'),(2,'No Juegues con tus Ojos',2,NULL,NULL,1,2,NULL,NULL,NULL,NULL);
/*!40000 ALTER TABLE `programas` ENABLE KEYS */;
UNLOCK TABLES;

--
-- Table structure for table `roles`
--

DROP TABLE IF EXISTS `roles`;
SET @saved_cs_client     = @@character_set_client;
SET character_set_client = utf8;
CREATE TABLE `roles` (
  `id` int(11) NOT NULL,
  `nombre` varchar(30) collate utf8_bin NOT NULL,
  PRIMARY KEY  (`id`)
) ENGINE=InnoDB DEFAULT CHARSET=utf8 COLLATE=utf8_bin;
SET character_set_client = @saved_cs_client;

--
-- Dumping data for table `roles`
--

LOCK TABLES `roles` WRITE;
/*!40000 ALTER TABLE `roles` DISABLE KEYS */;
/*!40000 ALTER TABLE `roles` ENABLE KEYS */;
UNLOCK TABLES;

--
-- Table structure for table `user_autologin`
--

DROP TABLE IF EXISTS `user_autologin`;
SET @saved_cs_client     = @@character_set_client;
SET character_set_client = utf8;
CREATE TABLE `user_autologin` (
  `key_id` char(32) collate utf8_bin NOT NULL,
  `user_id` int(11) NOT NULL default '0',
  `user_agent` varchar(150) collate utf8_bin NOT NULL,
  `last_ip` varchar(40) collate utf8_bin NOT NULL,
  `last_login` timestamp NOT NULL default CURRENT_TIMESTAMP on update CURRENT_TIMESTAMP,
  PRIMARY KEY  (`key_id`,`user_id`)
) ENGINE=InnoDB DEFAULT CHARSET=utf8 COLLATE=utf8_bin;
SET character_set_client = @saved_cs_client;

--
-- Dumping data for table `user_autologin`
--

LOCK TABLES `user_autologin` WRITE;
/*!40000 ALTER TABLE `user_autologin` DISABLE KEYS */;
/*!40000 ALTER TABLE `user_autologin` ENABLE KEYS */;
UNLOCK TABLES;

--
-- Table structure for table `user_modulos`
--

DROP TABLE IF EXISTS `user_modulos`;
SET @saved_cs_client     = @@character_set_client;
SET character_set_client = utf8;
CREATE TABLE `user_modulos` (
  `user_id` int(11) NOT NULL,
  `modulo_id` int(11) NOT NULL,
  `permiso` tinyint(4) NOT NULL,
  KEY `user_id` (`user_id`,`modulo_id`)
) ENGINE=InnoDB DEFAULT CHARSET=utf8 COLLATE=utf8_bin COMMENT='tabla de permisos de uso de modulos a los usuarios';
SET character_set_client = @saved_cs_client;

--
-- Dumping data for table `user_modulos`
--

LOCK TABLES `user_modulos` WRITE;
/*!40000 ALTER TABLE `user_modulos` DISABLE KEYS */;
INSERT INTO `user_modulos` VALUES (1,0,1);
/*!40000 ALTER TABLE `user_modulos` ENABLE KEYS */;
UNLOCK TABLES;

--
-- Table structure for table `user_profiles`
--

DROP TABLE IF EXISTS `user_profiles`;
SET @saved_cs_client     = @@character_set_client;
SET character_set_client = utf8;
CREATE TABLE `user_profiles` (
  `id` int(11) NOT NULL auto_increment,
  `user_id` int(11) NOT NULL,
  `country` varchar(20) collate utf8_bin default NULL,
  `programa_id` int(11) NOT NULL,
  PRIMARY KEY  (`id`)
) ENGINE=InnoDB AUTO_INCREMENT=2 DEFAULT CHARSET=utf8 COLLATE=utf8_bin;
SET character_set_client = @saved_cs_client;

--
-- Dumping data for table `user_profiles`
--

LOCK TABLES `user_profiles` WRITE;
/*!40000 ALTER TABLE `user_profiles` DISABLE KEYS */;
INSERT INTO `user_profiles` VALUES (1,1,NULL,1);
/*!40000 ALTER TABLE `user_profiles` ENABLE KEYS */;
UNLOCK TABLES;

--
-- Table structure for table `users`
--

DROP TABLE IF EXISTS `users`;
SET @saved_cs_client     = @@character_set_client;
SET character_set_client = utf8;
CREATE TABLE `users` (
  `id` int(11) NOT NULL auto_increment,
  `username` varchar(50) collate utf8_bin NOT NULL,
  `password` varchar(255) collate utf8_bin NOT NULL,
  `email` varchar(100) collate utf8_bin NOT NULL,
  `activated` tinyint(1) NOT NULL default '1',
  `banned` tinyint(1) NOT NULL default '0',
  `ban_reason` varchar(255) collate utf8_bin default NULL,
  `new_password_key` varchar(50) collate utf8_bin default NULL,
  `new_password_requested` datetime default NULL,
  `new_email` varchar(100) collate utf8_bin default NULL,
  `new_email_key` varchar(50) collate utf8_bin default NULL,
  `last_ip` varchar(40) collate utf8_bin NOT NULL,
  `last_login` datetime NOT NULL default '0000-00-00 00:00:00',
  `created` datetime NOT NULL default '0000-00-00 00:00:00',
  `modified` timestamp NOT NULL default CURRENT_TIMESTAMP on update CURRENT_TIMESTAMP,
  PRIMARY KEY  (`id`)
) ENGINE=InnoDB AUTO_INCREMENT=2 DEFAULT CHARSET=utf8 COLLATE=utf8_bin;
SET character_set_client = @saved_cs_client;

--
-- Dumping data for table `users`
--

LOCK TABLES `users` WRITE;
/*!40000 ALTER TABLE `users` DISABLE KEYS */;
INSERT INTO `users` VALUES (1,'danielbertoni','$P$BfisAoR1qCBgZIe5PsExAqBRXla4Qz.','daniel.bertoni@gmail.com',1,0,NULL,NULL,NULL,NULL,NULL,'192.168.1.2','2011-11-11 20:08:30','2011-11-09 20:46:20','2011-11-11 23:08:30');
/*!40000 ALTER TABLE `users` ENABLE KEYS */;
UNLOCK TABLES;

--
-- Table structure for table `voluntarios`
--

DROP TABLE IF EXISTS `voluntarios`;
SET @saved_cs_client     = @@character_set_client;
SET character_set_client = utf8;
CREATE TABLE `voluntarios` (
  `id` int(11) NOT NULL auto_increment,
  `apellido` varchar(80) collate utf8_bin NOT NULL,
  `nombre` varchar(80) collate utf8_bin default NULL,
  `telefono` varchar(255) collate utf8_bin NOT NULL,
  `email` varchar(255) collate utf8_bin default NULL,
  `programa_id` int(11) NOT NULL,
  PRIMARY KEY  (`id`),
  KEY `programa_id` (`programa_id`)
) ENGINE=InnoDB AUTO_INCREMENT=2 DEFAULT CHARSET=utf8 COLLATE=utf8_bin COMMENT='datos de los voluntarios';
SET character_set_client = @saved_cs_client;

--
-- Dumping data for table `voluntarios`
--

LOCK TABLES `voluntarios` WRITE;
/*!40000 ALTER TABLE `voluntarios` DISABLE KEYS */;
INSERT INTO `voluntarios` VALUES (1,'FUNES','FLORENCIA','154111898','flor_funes@gmail.com',1);
/*!40000 ALTER TABLE `voluntarios` ENABLE KEYS */;
UNLOCK TABLES;
/*!40103 SET TIME_ZONE=@OLD_TIME_ZONE */;

/*!40101 SET SQL_MODE=@OLD_SQL_MODE */;
/*!40014 SET FOREIGN_KEY_CHECKS=@OLD_FOREIGN_KEY_CHECKS */;
/*!40014 SET UNIQUE_CHECKS=@OLD_UNIQUE_CHECKS */;
/*!40101 SET CHARACTER_SET_CLIENT=@OLD_CHARACTER_SET_CLIENT */;
/*!40101 SET CHARACTER_SET_RESULTS=@OLD_CHARACTER_SET_RESULTS */;
/*!40101 SET COLLATION_CONNECTION=@OLD_COLLATION_CONNECTION */;
/*!40111 SET SQL_NOTES=@OLD_SQL_NOTES */;

-- Dump completed on 2011-11-22 15:23:52
